2026-09-20 14:32:38,216 INFO    kimi_isac.gen.report: === gen seed 1000 (1/10) ===
2026-09-20 14:32:40,145 INFO    kimi_isac.gen.report: epoch   1/100 train=0.1853 val=0.1393 lr=1.00e-03 (0.4s)
2026-09-20 14:32:40,515 INFO    kimi_isac.gen.report: epoch   2/100 train=0.1002 val=0.0550 lr=1.00e-03 (0.4s)
2026-09-20 14:32:40,876 INFO    kimi_isac.gen.report: epoch   3/100 train=0.0669 val=0.0571 lr=1.00e-03 (0.4s)
2026-09-20 14:32:41,241 INFO    kimi_isac.gen.report: epoch   4/100 train=0.0588 val=0.0426 lr=1.00e-03 (0.4s)
2026-09-20 14:32:41,645 INFO    kimi_isac.gen.report: epoch   5/100 train=0.0440 val=0.0384 lr=1.00e-03 (0.4s)
2026-09-20 14:32:42,064 INFO    kimi_isac.gen.report: epoch   6/100 train=0.0387 val=0.0299 lr=1.00e-03 (0.4s)
2026-09-20 14:32:42,481 INFO    kimi_isac.gen.report: epoch   7/100 train=0.0375 val=0.0259 lr=1.00e-03 (0.4s)
2026-09-20 14:32:42,814 INFO    kimi_isac.gen.report: epoch   8/100 train=0.0348 val=0.0293 lr=1.00e-03 (0.3s)
2026-09-20 14:32:43,201 INFO    kimi_isac.gen.report: epoch   9/100 train=0.0318 val=0.0262 lr=1.00e-03 (0.4s)
2026-09-20 14:32:43,527 INFO    kimi_isac.gen.report: epoch  10/100 train=0.0320 val=0.0311 lr=1.00e-03 (0.3s)
2026-09-20 14:32:43,866 INFO    kimi_isac.gen.report: epoch  11/100 train=0.0317 val=0.0261 lr=1.00e-03 (0.3s)
2026-09-20 14:32:44,249 INFO    kimi_isac.gen.report: epoch  12/100 train=0.0308 val=0.0234 lr=1.00e-03 (0.4s)
2026-09-20 14:32:44,597 INFO    kimi_isac.gen.report: epoch  13/100 train=0.0297 val=0.0235 lr=1.00e-03 (0.3s)
2026-09-20 14:32:44,999 INFO    kimi_isac.gen.report: epoch  14/100 train=0.0282 val=0.0210 lr=1.00e-03 (0.4s)
2026-09-20 14:32:45,348 INFO    kimi_isac.gen.report: epoch  15/100 train=0.0281 val=0.0226 lr=1.00e-03 (0.3s)
2026-09-20 14:32:45,699 INFO    kimi_isac.gen.report: epoch  16/100 train=0.0287 val=0.0216 lr=1.00e-03 (0.4s)
2026-09-20 14:32:46,048 INFO    kimi_isac.gen.report: epoch  17/100 train=0.0275 val=0.0273 lr=1.00e-03 (0.3s)
2026-09-20 14:32:46,411 INFO    kimi_isac.gen.report: epoch  18/100 train=0.0302 val=0.0295 lr=1.00e-03 (0.4s)
2026-09-20 14:32:46,786 INFO    kimi_isac.gen.report: epoch  19/100 train=0.0314 val=0.0268 lr=1.00e-04 (0.4s)
2026-09-20 14:32:47,124 INFO    kimi_isac.gen.report: epoch  20/100 train=0.0297 val=0.0219 lr=1.00e-04 (0.3s)
2026-09-20 14:32:47,519 INFO    kimi_isac.gen.report: epoch  21/100 train=0.0266 val=0.0208 lr=1.00e-04 (0.4s)
2026-09-20 14:32:47,876 INFO    kimi_isac.gen.report: epoch  22/100 train=0.0252 val=0.0212 lr=1.00e-04 (0.4s)
2026-09-20 14:32:48,256 INFO    kimi_isac.gen.report: epoch  23/100 train=0.0247 val=0.0215 lr=1.00e-04 (0.4s)
2026-09-20 14:32:48,648 INFO    kimi_isac.gen.report: epoch  24/100 train=0.0242 val=0.0199 lr=1.00e-04 (0.4s)
2026-09-20 14:32:48,996 INFO    kimi_isac.gen.report: epoch  25/100 train=0.0249 val=0.0207 lr=1.00e-04 (0.3s)
2026-09-20 14:32:49,387 INFO    kimi_isac.gen.report: epoch  26/100 train=0.0247 val=0.0197 lr=1.00e-04 (0.4s)
2026-09-20 14:32:49,751 INFO    kimi_isac.gen.report: epoch  27/100 train=0.0245 val=0.0200 lr=1.00e-04 (0.4s)
2026-09-20 14:32:50,102 INFO    kimi_isac.gen.report: epoch  28/100 train=0.0240 val=0.0198 lr=1.00e-04 (0.4s)
2026-09-20 14:32:50,435 INFO    kimi_isac.gen.report: epoch  29/100 train=0.0235 val=0.0201 lr=1.00e-04 (0.3s)
2026-09-20 14:32:50,804 INFO    kimi_isac.gen.report: epoch  30/100 train=0.0241 val=0.0200 lr=1.00e-04 (0.4s)
2026-09-20 14:32:51,147 INFO    kimi_isac.gen.report: epoch  31/100 train=0.0249 val=0.0197 lr=1.00e-05 (0.3s)
2026-09-20 14:32:51,494 INFO    kimi_isac.gen.report: epoch  32/100 train=0.0238 val=0.0201 lr=1.00e-05 (0.3s)
2026-09-20 14:32:51,836 INFO    kimi_isac.gen.report: epoch  33/100 train=0.0239 val=0.0198 lr=1.00e-05 (0.3s)
2026-09-20 14:32:52,178 INFO    kimi_isac.gen.report: epoch  34/100 train=0.0233 val=0.0201 lr=1.00e-05 (0.3s)
2026-09-20 14:32:52,179 INFO    kimi_isac.gen.report: early stop at epoch 34 (best 26)
2026-09-20 14:33:30,851 INFO    kimi_isac.gen.report: dit epoch   1/60 train=1.1740 val=0.9639 lr=1.00e-03
2026-09-20 14:33:31,613 INFO    kimi_isac.gen.report: dit epoch   2/60 train=0.8089 val=0.6803 lr=1.00e-03
2026-09-20 14:33:32,406 INFO    kimi_isac.gen.report: dit epoch   3/60 train=0.5701 val=0.5077 lr=1.00e-03
2026-09-20 14:33:33,181 INFO    kimi_isac.gen.report: dit epoch   4/60 train=0.4161 val=0.4214 lr=1.00e-03
2026-09-20 14:33:33,955 INFO    kimi_isac.gen.report: dit epoch   5/60 train=0.3864 val=0.3808 lr=1.00e-03
2026-09-20 14:33:34,739 INFO    kimi_isac.gen.report: dit epoch   6/60 train=0.3445 val=0.3482 lr=1.00e-03
2026-09-20 14:33:35,517 INFO    kimi_isac.gen.report: dit epoch   7/60 train=0.3125 val=0.3255 lr=1.00e-03
2026-09-20 14:33:36,305 INFO    kimi_isac.gen.report: dit epoch   8/60 train=0.2899 val=0.2979 lr=1.00e-03
2026-09-20 14:33:37,071 INFO    kimi_isac.gen.report: dit epoch   9/60 train=0.2802 val=0.2804 lr=1.00e-03
2026-09-20 14:33:37,849 INFO    kimi_isac.gen.report: dit epoch  10/60 train=0.2470 val=0.2556 lr=1.00e-03
2026-09-20 14:33:38,607 INFO    kimi_isac.gen.report: dit epoch  11/60 train=0.2650 val=0.2555 lr=1.00e-03
2026-09-20 14:33:39,371 INFO    kimi_isac.gen.report: dit epoch  12/60 train=0.2467 val=0.2445 lr=1.00e-03
2026-09-20 14:33:40,086 INFO    kimi_isac.gen.report: dit epoch  13/60 train=0.2341 val=0.2464 lr=1.00e-03
2026-09-20 14:33:40,851 INFO    kimi_isac.gen.report: dit epoch  14/60 train=0.2377 val=0.2301 lr=1.00e-03
2026-09-20 14:33:41,619 INFO    kimi_isac.gen.report: dit epoch  15/60 train=0.2172 val=0.2220 lr=1.00e-03
2026-09-20 14:33:42,330 INFO    kimi_isac.gen.report: dit epoch  16/60 train=0.1921 val=0.2241 lr=1.00e-03
2026-09-20 14:33:43,107 INFO    kimi_isac.gen.report: dit epoch  17/60 train=0.2072 val=0.1982 lr=1.00e-03
2026-09-20 14:33:43,893 INFO    kimi_isac.gen.report: dit epoch  18/60 train=0.1931 val=0.1880 lr=1.00e-03
2026-09-20 14:33:44,610 INFO    kimi_isac.gen.report: dit epoch  19/60 train=0.1904 val=0.2073 lr=1.00e-03
2026-09-20 14:33:45,380 INFO    kimi_isac.gen.report: dit epoch  20/60 train=0.1865 val=0.1845 lr=1.00e-03
2026-09-20 14:33:46,086 INFO    kimi_isac.gen.report: dit epoch  21/60 train=0.1905 val=0.1862 lr=1.00e-03
2026-09-20 14:33:46,779 INFO    kimi_isac.gen.report: dit epoch  22/60 train=0.1987 val=0.1901 lr=1.00e-03
2026-09-20 14:33:47,527 INFO    kimi_isac.gen.report: dit epoch  23/60 train=0.1701 val=0.1723 lr=1.00e-03
2026-09-20 14:33:48,230 INFO    kimi_isac.gen.report: dit epoch  24/60 train=0.1760 val=0.1787 lr=1.00e-03
2026-09-20 14:33:48,947 INFO    kimi_isac.gen.report: dit epoch  25/60 train=0.1809 val=0.1878 lr=1.00e-03
2026-09-20 14:33:49,652 INFO    kimi_isac.gen.report: dit epoch  26/60 train=0.1613 val=0.1881 lr=1.00e-03
2026-09-20 14:33:50,406 INFO    kimi_isac.gen.report: dit epoch  27/60 train=0.1765 val=0.1693 lr=1.00e-03
2026-09-20 14:33:51,185 INFO    kimi_isac.gen.report: dit epoch  28/60 train=0.1691 val=0.1678 lr=1.00e-03
2026-09-20 14:33:51,909 INFO    kimi_isac.gen.report: dit epoch  29/60 train=0.1726 val=0.1681 lr=1.00e-03
2026-09-20 14:33:52,625 INFO    kimi_isac.gen.report: dit epoch  30/60 train=0.1581 val=0.1788 lr=1.00e-03
2026-09-20 14:33:53,399 INFO    kimi_isac.gen.report: dit epoch  31/60 train=0.1608 val=0.1634 lr=1.00e-03
2026-09-20 14:33:54,114 INFO    kimi_isac.gen.report: dit epoch  32/60 train=0.1681 val=0.1767 lr=1.00e-03
2026-09-20 14:33:54,890 INFO    kimi_isac.gen.report: dit epoch  33/60 train=0.1578 val=0.1520 lr=1.00e-03
2026-09-20 14:33:55,656 INFO    kimi_isac.gen.report: dit epoch  34/60 train=0.1500 val=0.1453 lr=1.00e-03
2026-09-20 14:33:56,358 INFO    kimi_isac.gen.report: dit epoch  35/60 train=0.1502 val=0.1707 lr=1.00e-03
2026-09-20 14:33:57,073 INFO    kimi_isac.gen.report: dit epoch  36/60 train=0.1461 val=0.1701 lr=1.00e-03
2026-09-20 14:33:57,763 INFO    kimi_isac.gen.report: dit epoch  37/60 train=0.1537 val=0.1601 lr=1.00e-03
2026-09-20 14:33:58,535 INFO    kimi_isac.gen.report: dit epoch  38/60 train=0.1471 val=0.1371 lr=1.00e-03
2026-09-20 14:33:59,230 INFO    kimi_isac.gen.report: dit epoch  39/60 train=0.1461 val=0.1702 lr=1.00e-03
2026-09-20 14:33:59,938 INFO    kimi_isac.gen.report: dit epoch  40/60 train=0.1306 val=0.1521 lr=1.00e-03
2026-09-20 14:34:00,658 INFO    kimi_isac.gen.report: dit epoch  41/60 train=0.1461 val=0.1375 lr=1.00e-03
2026-09-20 14:34:01,379 INFO    kimi_isac.gen.report: dit epoch  42/60 train=0.1565 val=0.1521 lr=1.00e-03
2026-09-20 14:34:02,068 INFO    kimi_isac.gen.report: dit epoch  43/60 train=0.1527 val=0.1456 lr=1.00e-04
2026-09-20 14:34:02,828 INFO    kimi_isac.gen.report: dit epoch  44/60 train=0.1365 val=0.1280 lr=1.00e-04
2026-09-20 14:34:03,594 INFO    kimi_isac.gen.report: dit epoch  45/60 train=0.1243 val=0.1222 lr=1.00e-04
2026-09-20 14:34:04,363 INFO    kimi_isac.gen.report: dit epoch  46/60 train=0.1125 val=0.1198 lr=1.00e-04
2026-09-20 14:34:05,147 INFO    kimi_isac.gen.report: dit epoch  47/60 train=0.1300 val=0.1131 lr=1.00e-04
2026-09-20 14:34:05,924 INFO    kimi_isac.gen.report: dit epoch  48/60 train=0.1144 val=0.1127 lr=1.00e-04
2026-09-20 14:34:06,700 INFO    kimi_isac.gen.report: dit epoch  49/60 train=0.1082 val=0.1007 lr=1.00e-04
2026-09-20 14:34:07,407 INFO    kimi_isac.gen.report: dit epoch  50/60 train=0.1017 val=0.1080 lr=1.00e-04
2026-09-20 14:34:08,101 INFO    kimi_isac.gen.report: dit epoch  51/60 train=0.1090 val=0.1135 lr=1.00e-04
2026-09-20 14:34:08,804 INFO    kimi_isac.gen.report: dit epoch  52/60 train=0.0982 val=0.1118 lr=1.00e-04
2026-09-20 14:34:09,509 INFO    kimi_isac.gen.report: dit epoch  53/60 train=0.1052 val=0.1037 lr=1.00e-04
2026-09-20 14:34:10,221 INFO    kimi_isac.gen.report: dit epoch  54/60 train=0.1055 val=0.1028 lr=1.00e-05
2026-09-20 14:34:10,923 INFO    kimi_isac.gen.report: dit epoch  55/60 train=0.1066 val=0.1050 lr=1.00e-05
2026-09-20 14:34:11,632 INFO    kimi_isac.gen.report: dit epoch  56/60 train=0.1023 val=0.1124 lr=1.00e-05
2026-09-20 14:34:12,340 INFO    kimi_isac.gen.report: dit epoch  57/60 train=0.1033 val=0.1130 lr=1.00e-05
2026-09-20 14:34:12,340 INFO    kimi_isac.gen.report: dit early stop at epoch 57
2026-09-20 14:34:45,054 INFO    kimi_isac.gen.report: === gen seed 1001 (2/10) ===
2026-09-20 14:34:45,468 INFO    kimi_isac.gen.report: epoch   1/100 train=0.1912 val=0.1521 lr=1.00e-03 (0.4s)
2026-09-20 14:34:45,872 INFO    kimi_isac.gen.report: epoch   2/100 train=0.0991 val=0.0584 lr=1.00e-03 (0.4s)
2026-09-20 14:34:46,250 INFO    kimi_isac.gen.report: epoch   3/100 train=0.0631 val=0.0496 lr=1.00e-03 (0.4s)
2026-09-20 14:34:46,643 INFO    kimi_isac.gen.report: epoch   4/100 train=0.0457 val=0.0387 lr=1.00e-03 (0.4s)
2026-09-20 14:34:47,062 INFO    kimi_isac.gen.report: epoch   5/100 train=0.0428 val=0.0287 lr=1.00e-03 (0.4s)
2026-09-20 14:34:47,454 INFO    kimi_isac.gen.report: epoch   6/100 train=0.0400 val=0.0283 lr=1.00e-03 (0.4s)
2026-09-20 14:34:47,835 INFO    kimi_isac.gen.report: epoch   7/100 train=0.0346 val=0.0268 lr=1.00e-03 (0.4s)
2026-09-20 14:34:48,176 INFO    kimi_isac.gen.report: epoch   8/100 train=0.0318 val=0.0269 lr=1.00e-03 (0.3s)
2026-09-20 14:34:48,548 INFO    kimi_isac.gen.report: epoch   9/100 train=0.0334 val=0.0269 lr=1.00e-03 (0.4s)
2026-09-20 14:34:48,963 INFO    kimi_isac.gen.report: epoch  10/100 train=0.0340 val=0.0245 lr=1.00e-03 (0.4s)
2026-09-20 14:34:49,371 INFO    kimi_isac.gen.report: epoch  11/100 train=0.0302 val=0.0233 lr=1.00e-03 (0.4s)
2026-09-20 14:34:49,760 INFO    kimi_isac.gen.report: epoch  12/100 train=0.0301 val=0.0230 lr=1.00e-03 (0.4s)
2026-09-20 14:34:50,106 INFO    kimi_isac.gen.report: epoch  13/100 train=0.0294 val=0.0248 lr=1.00e-03 (0.3s)
2026-09-20 14:34:50,443 INFO    kimi_isac.gen.report: epoch  14/100 train=0.0292 val=0.0260 lr=1.00e-03 (0.3s)
2026-09-20 14:34:50,840 INFO    kimi_isac.gen.report: epoch  15/100 train=0.0294 val=0.0226 lr=1.00e-03 (0.4s)
2026-09-20 14:34:51,174 INFO    kimi_isac.gen.report: epoch  16/100 train=0.0292 val=0.0267 lr=1.00e-03 (0.3s)
2026-09-20 14:34:51,550 INFO    kimi_isac.gen.report: epoch  17/100 train=0.0289 val=0.0238 lr=1.00e-03 (0.4s)
2026-09-20 14:34:51,926 INFO    kimi_isac.gen.report: epoch  18/100 train=0.0295 val=0.0258 lr=1.00e-03 (0.4s)
2026-09-20 14:34:52,275 INFO    kimi_isac.gen.report: epoch  19/100 train=0.0309 val=0.0270 lr=1.00e-03 (0.3s)
2026-09-20 14:34:52,682 INFO    kimi_isac.gen.report: epoch  20/100 train=0.0288 val=0.0207 lr=1.00e-03 (0.4s)
2026-09-20 14:34:53,047 INFO    kimi_isac.gen.report: epoch  21/100 train=0.0268 val=0.0209 lr=1.00e-03 (0.4s)
2026-09-20 14:34:53,394 INFO    kimi_isac.gen.report: epoch  22/100 train=0.0283 val=0.0213 lr=1.00e-03 (0.3s)
2026-09-20 14:34:53,728 INFO    kimi_isac.gen.report: epoch  23/100 train=0.0295 val=0.0322 lr=1.00e-03 (0.3s)
2026-09-20 14:34:54,083 INFO    kimi_isac.gen.report: epoch  24/100 train=0.0307 val=0.0267 lr=1.00e-03 (0.4s)
2026-09-20 14:34:54,453 INFO    kimi_isac.gen.report: epoch  25/100 train=0.0289 val=0.0216 lr=1.00e-04 (0.4s)
2026-09-20 14:34:54,806 INFO    kimi_isac.gen.report: epoch  26/100 train=0.0269 val=0.0214 lr=1.00e-04 (0.4s)
2026-09-20 14:34:55,148 INFO    kimi_isac.gen.report: epoch  27/100 train=0.0248 val=0.0227 lr=1.00e-04 (0.3s)
2026-09-20 14:34:55,513 INFO    kimi_isac.gen.report: epoch  28/100 train=0.0244 val=0.0208 lr=1.00e-04 (0.4s)
2026-09-20 14:34:55,514 INFO    kimi_isac.gen.report: early stop at epoch 28 (best 20)
2026-09-20 14:34:58,528 INFO    kimi_isac.gen.report: dit epoch   1/60 train=1.1988 val=0.9613 lr=1.00e-03
2026-09-20 14:34:59,332 INFO    kimi_isac.gen.report: dit epoch   2/60 train=0.7944 val=0.7627 lr=1.00e-03
2026-09-20 14:35:00,092 INFO    kimi_isac.gen.report: dit epoch   3/60 train=0.5968 val=0.5063 lr=1.00e-03
2026-09-20 14:35:00,860 INFO    kimi_isac.gen.report: dit epoch   4/60 train=0.4455 val=0.4262 lr=1.00e-03
2026-09-20 14:35:01,631 INFO    kimi_isac.gen.report: dit epoch   5/60 train=0.4078 val=0.4109 lr=1.00e-03
2026-09-20 14:35:02,379 INFO    kimi_isac.gen.report: dit epoch   6/60 train=0.3647 val=0.3532 lr=1.00e-03
2026-09-20 14:35:03,158 INFO    kimi_isac.gen.report: dit epoch   7/60 train=0.3167 val=0.3372 lr=1.00e-03
2026-09-20 14:35:03,944 INFO    kimi_isac.gen.report: dit epoch   8/60 train=0.3469 val=0.2873 lr=1.00e-03
2026-09-20 14:35:04,710 INFO    kimi_isac.gen.report: dit epoch   9/60 train=0.2784 val=0.2841 lr=1.00e-03
2026-09-20 14:35:05,489 INFO    kimi_isac.gen.report: dit epoch  10/60 train=0.2962 val=0.2647 lr=1.00e-03
2026-09-20 14:35:06,183 INFO    kimi_isac.gen.report: dit epoch  11/60 train=0.2748 val=0.2690 lr=1.00e-03
2026-09-20 14:35:06,956 INFO    kimi_isac.gen.report: dit epoch  12/60 train=0.2466 val=0.2487 lr=1.00e-03
2026-09-20 14:35:07,752 INFO    kimi_isac.gen.report: dit epoch  13/60 train=0.2364 val=0.2282 lr=1.00e-03
2026-09-20 14:35:08,577 INFO    kimi_isac.gen.report: dit epoch  14/60 train=0.2278 val=0.2217 lr=1.00e-03
2026-09-20 14:35:09,284 INFO    kimi_isac.gen.report: dit epoch  15/60 train=0.2097 val=0.2345 lr=1.00e-03
2026-09-20 14:35:10,043 INFO    kimi_isac.gen.report: dit epoch  16/60 train=0.2242 val=0.2140 lr=1.00e-03
2026-09-20 14:35:10,803 INFO    kimi_isac.gen.report: dit epoch  17/60 train=0.2065 val=0.1945 lr=1.00e-03
2026-09-20 14:35:11,516 INFO    kimi_isac.gen.report: dit epoch  18/60 train=0.2180 val=0.2146 lr=1.00e-03
2026-09-20 14:35:12,212 INFO    kimi_isac.gen.report: dit epoch  19/60 train=0.2022 val=0.2024 lr=1.00e-03
2026-09-20 14:35:12,914 INFO    kimi_isac.gen.report: dit epoch  20/60 train=0.1958 val=0.1967 lr=1.00e-03
2026-09-20 14:35:13,650 INFO    kimi_isac.gen.report: dit epoch  21/60 train=0.1903 val=0.2038 lr=1.00e-03
2026-09-20 14:35:14,423 INFO    kimi_isac.gen.report: dit epoch  22/60 train=0.1836 val=0.1880 lr=1.00e-03
2026-09-20 14:35:15,195 INFO    kimi_isac.gen.report: dit epoch  23/60 train=0.1894 val=0.1806 lr=1.00e-03
2026-09-20 14:35:15,891 INFO    kimi_isac.gen.report: dit epoch  24/60 train=0.1828 val=0.1868 lr=1.00e-03
2026-09-20 14:35:16,615 INFO    kimi_isac.gen.report: dit epoch  25/60 train=0.1737 val=0.1836 lr=1.00e-03
2026-09-20 14:35:17,314 INFO    kimi_isac.gen.report: dit epoch  26/60 train=0.1683 val=0.1841 lr=1.00e-03
2026-09-20 14:35:18,077 INFO    kimi_isac.gen.report: dit epoch  27/60 train=0.1581 val=0.1697 lr=1.00e-03
2026-09-20 14:35:18,783 INFO    kimi_isac.gen.report: dit epoch  28/60 train=0.1692 val=0.1773 lr=1.00e-03
2026-09-20 14:35:19,460 INFO    kimi_isac.gen.report: dit epoch  29/60 train=0.1672 val=0.1801 lr=1.00e-03
2026-09-20 14:35:20,220 INFO    kimi_isac.gen.report: dit epoch  30/60 train=0.1740 val=0.1581 lr=1.00e-03
2026-09-20 14:35:20,929 INFO    kimi_isac.gen.report: dit epoch  31/60 train=0.1708 val=0.1664 lr=1.00e-03
2026-09-20 14:35:21,629 INFO    kimi_isac.gen.report: dit epoch  32/60 train=0.1614 val=0.1679 lr=1.00e-03
2026-09-20 14:35:22,326 INFO    kimi_isac.gen.report: dit epoch  33/60 train=0.1667 val=0.1756 lr=1.00e-03
2026-09-20 14:35:23,100 INFO    kimi_isac.gen.report: dit epoch  34/60 train=0.1583 val=0.1579 lr=1.00e-03
2026-09-20 14:35:23,812 INFO    kimi_isac.gen.report: dit epoch  35/60 train=0.1616 val=0.1579 lr=1.00e-03
2026-09-20 14:35:24,582 INFO    kimi_isac.gen.report: dit epoch  36/60 train=0.1454 val=0.1568 lr=1.00e-03
2026-09-20 14:35:25,348 INFO    kimi_isac.gen.report: dit epoch  37/60 train=0.1472 val=0.1541 lr=1.00e-03
2026-09-20 14:35:26,107 INFO    kimi_isac.gen.report: dit epoch  38/60 train=0.1366 val=0.1502 lr=1.00e-03
2026-09-20 14:35:26,816 INFO    kimi_isac.gen.report: dit epoch  39/60 train=0.1316 val=0.1566 lr=1.00e-03
2026-09-20 14:35:27,526 INFO    kimi_isac.gen.report: dit epoch  40/60 train=0.1506 val=0.1649 lr=1.00e-03
2026-09-20 14:35:28,297 INFO    kimi_isac.gen.report: dit epoch  41/60 train=0.1472 val=0.1480 lr=1.00e-03
2026-09-20 14:35:29,058 INFO    kimi_isac.gen.report: dit epoch  42/60 train=0.1507 val=0.1448 lr=1.00e-03
2026-09-20 14:35:29,823 INFO    kimi_isac.gen.report: dit epoch  43/60 train=0.1341 val=0.1354 lr=1.00e-03
2026-09-20 14:35:30,532 INFO    kimi_isac.gen.report: dit epoch  44/60 train=0.1332 val=0.1373 lr=1.00e-03
2026-09-20 14:35:31,299 INFO    kimi_isac.gen.report: dit epoch  45/60 train=0.1273 val=0.1351 lr=1.00e-03
2026-09-20 14:35:32,000 INFO    kimi_isac.gen.report: dit epoch  46/60 train=0.1253 val=0.1443 lr=1.00e-03
2026-09-20 14:35:32,769 INFO    kimi_isac.gen.report: dit epoch  47/60 train=0.1338 val=0.1344 lr=1.00e-03
2026-09-20 14:35:33,482 INFO    kimi_isac.gen.report: dit epoch  48/60 train=0.1300 val=0.1428 lr=1.00e-03
2026-09-20 14:35:34,187 INFO    kimi_isac.gen.report: dit epoch  49/60 train=0.1390 val=0.1412 lr=1.00e-03
2026-09-20 14:35:34,891 INFO    kimi_isac.gen.report: dit epoch  50/60 train=0.1320 val=0.1543 lr=1.00e-03
2026-09-20 14:35:35,607 INFO    kimi_isac.gen.report: dit epoch  51/60 train=0.1333 val=0.1396 lr=1.00e-03
2026-09-20 14:35:36,313 INFO    kimi_isac.gen.report: dit epoch  52/60 train=0.1309 val=0.1449 lr=1.00e-04
2026-09-20 14:35:37,073 INFO    kimi_isac.gen.report: dit epoch  53/60 train=0.1253 val=0.1286 lr=1.00e-04
2026-09-20 14:35:37,853 INFO    kimi_isac.gen.report: dit epoch  54/60 train=0.1326 val=0.1145 lr=1.00e-04
2026-09-20 14:35:38,630 INFO    kimi_isac.gen.report: dit epoch  55/60 train=0.1138 val=0.1144 lr=1.00e-04
2026-09-20 14:35:39,338 INFO    kimi_isac.gen.report: dit epoch  56/60 train=0.1052 val=0.1265 lr=1.00e-04
2026-09-20 14:35:40,087 INFO    kimi_isac.gen.report: dit epoch  57/60 train=0.1080 val=0.1121 lr=1.00e-04
2026-09-20 14:35:40,797 INFO    kimi_isac.gen.report: dit epoch  58/60 train=0.1078 val=0.1132 lr=1.00e-04
2026-09-20 14:35:41,499 INFO    kimi_isac.gen.report: dit epoch  59/60 train=0.0983 val=0.1168 lr=1.00e-04
2026-09-20 14:35:42,254 INFO    kimi_isac.gen.report: dit epoch  60/60 train=0.1098 val=0.0930 lr=1.00e-04
2026-09-20 14:35:57,890 INFO    kimi_isac.gen.report: === gen seed 1002 (3/10) ===
2026-09-20 14:35:58,335 INFO    kimi_isac.gen.report: epoch   1/100 train=0.1881 val=0.1147 lr=1.00e-03 (0.4s)
2026-09-20 14:35:58,737 INFO    kimi_isac.gen.report: epoch   2/100 train=0.0971 val=0.0637 lr=1.00e-03 (0.4s)
2026-09-20 14:35:59,149 INFO    kimi_isac.gen.report: epoch   3/100 train=0.0669 val=0.0561 lr=1.00e-03 (0.4s)
2026-09-20 14:35:59,557 INFO    kimi_isac.gen.report: epoch   4/100 train=0.0516 val=0.0383 lr=1.00e-03 (0.4s)
2026-09-20 14:35:59,941 INFO    kimi_isac.gen.report: epoch   5/100 train=0.0446 val=0.0354 lr=1.00e-03 (0.4s)
2026-09-20 14:36:00,330 INFO    kimi_isac.gen.report: epoch   6/100 train=0.0408 val=0.0307 lr=1.00e-03 (0.4s)
2026-09-20 14:36:00,693 INFO    kimi_isac.gen.report: epoch   7/100 train=0.0394 val=0.0325 lr=1.00e-03 (0.4s)
2026-09-20 14:36:01,089 INFO    kimi_isac.gen.report: epoch   8/100 train=0.0345 val=0.0258 lr=1.00e-03 (0.4s)
2026-09-20 14:36:01,466 INFO    kimi_isac.gen.report: epoch   9/100 train=0.0335 val=0.0232 lr=1.00e-03 (0.4s)
2026-09-20 14:36:01,821 INFO    kimi_isac.gen.report: epoch  10/100 train=0.0323 val=0.0286 lr=1.00e-03 (0.4s)
2026-09-20 14:36:02,152 INFO    kimi_isac.gen.report: epoch  11/100 train=0.0328 val=0.0235 lr=1.00e-03 (0.3s)
2026-09-20 14:36:02,505 INFO    kimi_isac.gen.report: epoch  12/100 train=0.0307 val=0.0253 lr=1.00e-03 (0.4s)
2026-09-20 14:36:02,864 INFO    kimi_isac.gen.report: epoch  13/100 train=0.0307 val=0.0259 lr=1.00e-03 (0.4s)
2026-09-20 14:36:03,226 INFO    kimi_isac.gen.report: epoch  14/100 train=0.0308 val=0.0237 lr=1.00e-04 (0.4s)
2026-09-20 14:36:03,611 INFO    kimi_isac.gen.report: epoch  15/100 train=0.0270 val=0.0213 lr=1.00e-04 (0.4s)
2026-09-20 14:36:03,979 INFO    kimi_isac.gen.report: epoch  16/100 train=0.0253 val=0.0206 lr=1.00e-04 (0.4s)
2026-09-20 14:36:04,322 INFO    kimi_isac.gen.report: epoch  17/100 train=0.0253 val=0.0206 lr=1.00e-04 (0.3s)
2026-09-20 14:36:04,652 INFO    kimi_isac.gen.report: epoch  18/100 train=0.0255 val=0.0206 lr=1.00e-04 (0.3s)
2026-09-20 14:36:05,041 INFO    kimi_isac.gen.report: epoch  19/100 train=0.0247 val=0.0203 lr=1.00e-04 (0.4s)
2026-09-20 14:36:05,438 INFO    kimi_isac.gen.report: epoch  20/100 train=0.0257 val=0.0201 lr=1.00e-04 (0.4s)
2026-09-20 14:36:05,786 INFO    kimi_isac.gen.report: epoch  21/100 train=0.0242 val=0.0202 lr=1.00e-04 (0.3s)
2026-09-20 14:36:06,127 INFO    kimi_isac.gen.report: epoch  22/100 train=0.0246 val=0.0202 lr=1.00e-04 (0.3s)
2026-09-20 14:36:06,510 INFO    kimi_isac.gen.report: epoch  23/100 train=0.0245 val=0.0201 lr=1.00e-04 (0.4s)
2026-09-20 14:36:06,922 INFO    kimi_isac.gen.report: epoch  24/100 train=0.0247 val=0.0199 lr=1.00e-04 (0.4s)
2026-09-20 14:36:07,272 INFO    kimi_isac.gen.report: epoch  25/100 train=0.0242 val=0.0199 lr=1.00e-04 (0.3s)
2026-09-20 14:36:07,622 INFO    kimi_isac.gen.report: epoch  26/100 train=0.0253 val=0.0211 lr=1.00e-04 (0.4s)
2026-09-20 14:36:07,962 INFO    kimi_isac.gen.report: epoch  27/100 train=0.0248 val=0.0205 lr=1.00e-04 (0.3s)
2026-09-20 14:36:08,311 INFO    kimi_isac.gen.report: epoch  28/100 train=0.0245 val=0.0205 lr=1.00e-04 (0.3s)
2026-09-20 14:36:08,661 INFO    kimi_isac.gen.report: epoch  29/100 train=0.0244 val=0.0203 lr=1.00e-05 (0.4s)
2026-09-20 14:36:09,003 INFO    kimi_isac.gen.report: epoch  30/100 train=0.0248 val=0.0199 lr=1.00e-05 (0.3s)
2026-09-20 14:36:09,355 INFO    kimi_isac.gen.report: epoch  31/100 train=0.0247 val=0.0200 lr=1.00e-05 (0.4s)
2026-09-20 14:36:09,753 INFO    kimi_isac.gen.report: epoch  32/100 train=0.0241 val=0.0195 lr=1.00e-05 (0.4s)
2026-09-20 14:36:10,094 INFO    kimi_isac.gen.report: epoch  33/100 train=0.0241 val=0.0200 lr=1.00e-05 (0.3s)
2026-09-20 14:36:10,453 INFO    kimi_isac.gen.report: epoch  34/100 train=0.0244 val=0.0205 lr=1.00e-05 (0.4s)
2026-09-20 14:36:10,801 INFO    kimi_isac.gen.report: epoch  35/100 train=0.0240 val=0.0197 lr=1.00e-05 (0.3s)
2026-09-20 14:36:11,157 INFO    kimi_isac.gen.report: epoch  36/100 train=0.0241 val=0.0196 lr=1.00e-05 (0.4s)
2026-09-20 14:36:11,496 INFO    kimi_isac.gen.report: epoch  37/100 train=0.0233 val=0.0197 lr=1.00e-06 (0.3s)
2026-09-20 14:36:11,902 INFO    kimi_isac.gen.report: epoch  38/100 train=0.0240 val=0.0193 lr=1.00e-06 (0.4s)
2026-09-20 14:36:12,240 INFO    kimi_isac.gen.report: epoch  39/100 train=0.0238 val=0.0207 lr=1.00e-06 (0.3s)
2026-09-20 14:36:12,580 INFO    kimi_isac.gen.report: epoch  40/100 train=0.0237 val=0.0198 lr=1.00e-06 (0.3s)
2026-09-20 14:36:12,943 INFO    kimi_isac.gen.report: epoch  41/100 train=0.0240 val=0.0196 lr=1.00e-06 (0.4s)
2026-09-20 14:36:13,321 INFO    kimi_isac.gen.report: epoch  42/100 train=0.0243 val=0.0202 lr=1.00e-06 (0.4s)
2026-09-20 14:36:13,717 INFO    kimi_isac.gen.report: epoch  43/100 train=0.0249 val=0.0191 lr=1.00e-06 (0.4s)
2026-09-20 14:36:14,098 INFO    kimi_isac.gen.report: epoch  44/100 train=0.0243 val=0.0204 lr=1.00e-06 (0.4s)
2026-09-20 14:36:14,447 INFO    kimi_isac.gen.report: epoch  45/100 train=0.0241 val=0.0202 lr=1.00e-06 (0.3s)
2026-09-20 14:36:14,822 INFO    kimi_isac.gen.report: epoch  46/100 train=0.0245 val=0.0196 lr=1.00e-06 (0.4s)
2026-09-20 14:36:15,170 INFO    kimi_isac.gen.report: epoch  47/100 train=0.0239 val=0.0197 lr=1.00e-06 (0.3s)
2026-09-20 14:36:15,500 INFO    kimi_isac.gen.report: epoch  48/100 train=0.0239 val=0.0200 lr=1.00e-07 (0.3s)
2026-09-20 14:36:15,826 INFO    kimi_isac.gen.report: epoch  49/100 train=0.0247 val=0.0198 lr=1.00e-07 (0.3s)
2026-09-20 14:36:16,176 INFO    kimi_isac.gen.report: epoch  50/100 train=0.0235 val=0.0199 lr=1.00e-07 (0.4s)
2026-09-20 14:36:16,516 INFO    kimi_isac.gen.report: epoch  51/100 train=0.0244 val=0.0199 lr=1.00e-07 (0.3s)
2026-09-20 14:36:16,516 INFO    kimi_isac.gen.report: early stop at epoch 51 (best 43)
2026-09-20 14:36:18,487 INFO    kimi_isac.gen.report: dit epoch   1/60 train=1.2355 val=0.9637 lr=1.00e-03
2026-09-20 14:36:19,253 INFO    kimi_isac.gen.report: dit epoch   2/60 train=0.8348 val=0.6034 lr=1.00e-03
2026-09-20 14:36:20,017 INFO    kimi_isac.gen.report: dit epoch   3/60 train=0.5906 val=0.5386 lr=1.00e-03
2026-09-20 14:36:20,787 INFO    kimi_isac.gen.report: dit epoch   4/60 train=0.4587 val=0.4047 lr=1.00e-03
2026-09-20 14:36:21,553 INFO    kimi_isac.gen.report: dit epoch   5/60 train=0.3581 val=0.3785 lr=1.00e-03
2026-09-20 14:36:22,311 INFO    kimi_isac.gen.report: dit epoch   6/60 train=0.3372 val=0.3212 lr=1.00e-03
2026-09-20 14:36:23,020 INFO    kimi_isac.gen.report: dit epoch   7/60 train=0.3301 val=0.3373 lr=1.00e-03
2026-09-20 14:36:23,803 INFO    kimi_isac.gen.report: dit epoch   8/60 train=0.2947 val=0.2910 lr=1.00e-03
2026-09-20 14:36:24,505 INFO    kimi_isac.gen.report: dit epoch   9/60 train=0.2719 val=0.3032 lr=1.00e-03
2026-09-20 14:36:25,265 INFO    kimi_isac.gen.report: dit epoch  10/60 train=0.2793 val=0.2769 lr=1.00e-03
2026-09-20 14:36:26,042 INFO    kimi_isac.gen.report: dit epoch  11/60 train=0.2688 val=0.2528 lr=1.00e-03
2026-09-20 14:36:26,740 INFO    kimi_isac.gen.report: dit epoch  12/60 train=0.2468 val=0.2657 lr=1.00e-03
2026-09-20 14:36:27,446 INFO    kimi_isac.gen.report: dit epoch  13/60 train=0.2454 val=0.2554 lr=1.00e-03
2026-09-20 14:36:28,207 INFO    kimi_isac.gen.report: dit epoch  14/60 train=0.2275 val=0.2181 lr=1.00e-03
2026-09-20 14:36:28,922 INFO    kimi_isac.gen.report: dit epoch  15/60 train=0.2340 val=0.2245 lr=1.00e-03
2026-09-20 14:36:29,613 INFO    kimi_isac.gen.report: dit epoch  16/60 train=0.2191 val=0.2277 lr=1.00e-03
2026-09-20 14:36:30,385 INFO    kimi_isac.gen.report: dit epoch  17/60 train=0.2022 val=0.2111 lr=1.00e-03
2026-09-20 14:36:31,148 INFO    kimi_isac.gen.report: dit epoch  18/60 train=0.1977 val=0.1902 lr=1.00e-03
2026-09-20 14:36:31,836 INFO    kimi_isac.gen.report: dit epoch  19/60 train=0.2079 val=0.1955 lr=1.00e-03
2026-09-20 14:36:32,538 INFO    kimi_isac.gen.report: dit epoch  20/60 train=0.1927 val=0.2039 lr=1.00e-03
2026-09-20 14:36:33,245 INFO    kimi_isac.gen.report: dit epoch  21/60 train=0.1898 val=0.2024 lr=1.00e-03
2026-09-20 14:36:33,946 INFO    kimi_isac.gen.report: dit epoch  22/60 train=0.1756 val=0.2062 lr=1.00e-03
2026-09-20 14:36:34,711 INFO    kimi_isac.gen.report: dit epoch  23/60 train=0.1866 val=0.1814 lr=1.00e-03
2026-09-20 14:36:35,409 INFO    kimi_isac.gen.report: dit epoch  24/60 train=0.1685 val=0.1829 lr=1.00e-03
2026-09-20 14:36:36,123 INFO    kimi_isac.gen.report: dit epoch  25/60 train=0.1811 val=0.1892 lr=1.00e-03
2026-09-20 14:36:36,821 INFO    kimi_isac.gen.report: dit epoch  26/60 train=0.1863 val=0.1846 lr=1.00e-03
2026-09-20 14:36:37,585 INFO    kimi_isac.gen.report: dit epoch  27/60 train=0.1703 val=0.1702 lr=1.00e-03
2026-09-20 14:36:38,356 INFO    kimi_isac.gen.report: dit epoch  28/60 train=0.1873 val=0.1672 lr=1.00e-03
2026-09-20 14:36:39,049 INFO    kimi_isac.gen.report: dit epoch  29/60 train=0.1606 val=0.1760 lr=1.00e-03
2026-09-20 14:36:39,745 INFO    kimi_isac.gen.report: dit epoch  30/60 train=0.1599 val=0.1705 lr=1.00e-03
2026-09-20 14:36:40,526 INFO    kimi_isac.gen.report: dit epoch  31/60 train=0.1631 val=0.1638 lr=1.00e-03
2026-09-20 14:36:41,230 INFO    kimi_isac.gen.report: dit epoch  32/60 train=0.1604 val=0.1708 lr=1.00e-03
2026-09-20 14:36:42,002 INFO    kimi_isac.gen.report: dit epoch  33/60 train=0.1548 val=0.1627 lr=1.00e-03
2026-09-20 14:36:42,752 INFO    kimi_isac.gen.report: dit epoch  34/60 train=0.1387 val=0.1555 lr=1.00e-03
2026-09-20 14:36:43,559 INFO    kimi_isac.gen.report: dit epoch  35/60 train=0.1495 val=0.1358 lr=1.00e-03
2026-09-20 14:36:44,289 INFO    kimi_isac.gen.report: dit epoch  36/60 train=0.1540 val=0.1549 lr=1.00e-03
2026-09-20 14:36:44,986 INFO    kimi_isac.gen.report: dit epoch  37/60 train=0.1376 val=0.1710 lr=1.00e-03
2026-09-20 14:36:45,701 INFO    kimi_isac.gen.report: dit epoch  38/60 train=0.1474 val=0.1449 lr=1.00e-03
2026-09-20 14:36:46,404 INFO    kimi_isac.gen.report: dit epoch  39/60 train=0.1453 val=0.1458 lr=1.00e-03
2026-09-20 14:36:47,110 INFO    kimi_isac.gen.report: dit epoch  40/60 train=0.1374 val=0.1618 lr=1.00e-04
2026-09-20 14:36:47,809 INFO    kimi_isac.gen.report: dit epoch  41/60 train=0.1403 val=0.1366 lr=1.00e-04
2026-09-20 14:36:48,587 INFO    kimi_isac.gen.report: dit epoch  42/60 train=0.1307 val=0.1272 lr=1.00e-04
2026-09-20 14:36:49,339 INFO    kimi_isac.gen.report: dit epoch  43/60 train=0.1086 val=0.1232 lr=1.00e-04
2026-09-20 14:36:50,118 INFO    kimi_isac.gen.report: dit epoch  44/60 train=0.1328 val=0.1217 lr=1.00e-04
2026-09-20 14:36:50,809 INFO    kimi_isac.gen.report: dit epoch  45/60 train=0.1194 val=0.1274 lr=1.00e-04
2026-09-20 14:36:51,569 INFO    kimi_isac.gen.report: dit epoch  46/60 train=0.1145 val=0.1140 lr=1.00e-04
2026-09-20 14:36:52,283 INFO    kimi_isac.gen.report: dit epoch  47/60 train=0.1021 val=0.1203 lr=1.00e-04
2026-09-20 14:36:52,977 INFO    kimi_isac.gen.report: dit epoch  48/60 train=0.1151 val=0.1185 lr=1.00e-04
2026-09-20 14:36:53,677 INFO    kimi_isac.gen.report: dit epoch  49/60 train=0.1046 val=0.1158 lr=1.00e-04
2026-09-20 14:36:54,445 INFO    kimi_isac.gen.report: dit epoch  50/60 train=0.1116 val=0.1083 lr=1.00e-04
2026-09-20 14:36:55,211 INFO    kimi_isac.gen.report: dit epoch  51/60 train=0.1060 val=0.1064 lr=1.00e-04
2026-09-20 14:36:55,982 INFO    kimi_isac.gen.report: dit epoch  52/60 train=0.1125 val=0.1037 lr=1.00e-04
2026-09-20 14:36:56,690 INFO    kimi_isac.gen.report: dit epoch  53/60 train=0.1030 val=0.1138 lr=1.00e-04
2026-09-20 14:36:57,401 INFO    kimi_isac.gen.report: dit epoch  54/60 train=0.1020 val=0.1113 lr=1.00e-04
2026-09-20 14:36:58,101 INFO    kimi_isac.gen.report: dit epoch  55/60 train=0.1074 val=0.1101 lr=1.00e-04
2026-09-20 14:36:58,803 INFO    kimi_isac.gen.report: dit epoch  56/60 train=0.1017 val=0.1090 lr=1.00e-04
2026-09-20 14:36:59,480 INFO    kimi_isac.gen.report: dit epoch  57/60 train=0.1009 val=0.1084 lr=1.00e-05
2026-09-20 14:37:00,173 INFO    kimi_isac.gen.report: dit epoch  58/60 train=0.1115 val=0.1103 lr=1.00e-05
2026-09-20 14:37:00,871 INFO    kimi_isac.gen.report: dit epoch  59/60 train=0.1030 val=0.1215 lr=1.00e-05
2026-09-20 14:37:01,563 INFO    kimi_isac.gen.report: dit epoch  60/60 train=0.1007 val=0.1166 lr=1.00e-05
2026-09-20 14:37:01,563 INFO    kimi_isac.gen.report: dit early stop at epoch 60
2026-09-20 14:37:16,239 INFO    kimi_isac.gen.report: === gen seed 1003 (4/10) ===
2026-09-20 14:37:16,626 INFO    kimi_isac.gen.report: epoch   1/100 train=0.1952 val=0.1329 lr=1.00e-03 (0.4s)
2026-09-20 14:37:17,031 INFO    kimi_isac.gen.report: epoch   2/100 train=0.0983 val=0.0555 lr=1.00e-03 (0.4s)
2026-09-20 14:37:17,427 INFO    kimi_isac.gen.report: epoch   3/100 train=0.0598 val=0.0493 lr=1.00e-03 (0.4s)
2026-09-20 14:37:17,799 INFO    kimi_isac.gen.report: epoch   4/100 train=0.0487 val=0.0401 lr=1.00e-03 (0.4s)
2026-09-20 14:37:18,182 INFO    kimi_isac.gen.report: epoch   5/100 train=0.0436 val=0.0325 lr=1.00e-03 (0.4s)
2026-09-20 14:37:18,573 INFO    kimi_isac.gen.report: epoch   6/100 train=0.0395 val=0.0309 lr=1.00e-03 (0.4s)
2026-09-20 14:37:18,979 INFO    kimi_isac.gen.report: epoch   7/100 train=0.0363 val=0.0273 lr=1.00e-03 (0.4s)
2026-09-20 14:37:19,373 INFO    kimi_isac.gen.report: epoch   8/100 train=0.0318 val=0.0271 lr=1.00e-03 (0.4s)
2026-09-20 14:37:19,751 INFO    kimi_isac.gen.report: epoch   9/100 train=0.0312 val=0.0258 lr=1.00e-03 (0.4s)
2026-09-20 14:37:20,109 INFO    kimi_isac.gen.report: epoch  10/100 train=0.0305 val=0.0274 lr=1.00e-03 (0.4s)
2026-09-20 14:37:20,489 INFO    kimi_isac.gen.report: epoch  11/100 train=0.0297 val=0.0240 lr=1.00e-03 (0.4s)
2026-09-20 14:37:20,867 INFO    kimi_isac.gen.report: epoch  12/100 train=0.0282 val=0.0217 lr=1.00e-03 (0.4s)
2026-09-20 14:37:21,231 INFO    kimi_isac.gen.report: epoch  13/100 train=0.0281 val=0.0228 lr=1.00e-03 (0.4s)
2026-09-20 14:37:21,558 INFO    kimi_isac.gen.report: epoch  14/100 train=0.0298 val=0.0232 lr=1.00e-03 (0.3s)
2026-09-20 14:37:21,909 INFO    kimi_isac.gen.report: epoch  15/100 train=0.0303 val=0.0224 lr=1.00e-03 (0.4s)
2026-09-20 14:37:22,267 INFO    kimi_isac.gen.report: epoch  16/100 train=0.0291 val=0.0249 lr=1.00e-03 (0.4s)
2026-09-20 14:37:22,622 INFO    kimi_isac.gen.report: epoch  17/100 train=0.0281 val=0.0225 lr=1.00e-04 (0.4s)
2026-09-20 14:37:22,965 INFO    kimi_isac.gen.report: epoch  18/100 train=0.0266 val=0.0223 lr=1.00e-04 (0.3s)
2026-09-20 14:37:23,338 INFO    kimi_isac.gen.report: epoch  19/100 train=0.0256 val=0.0205 lr=1.00e-04 (0.4s)
2026-09-20 14:37:23,709 INFO    kimi_isac.gen.report: epoch  20/100 train=0.0244 val=0.0204 lr=1.00e-04 (0.4s)
2026-09-20 14:37:24,079 INFO    kimi_isac.gen.report: epoch  21/100 train=0.0248 val=0.0206 lr=1.00e-04 (0.4s)
2026-09-20 14:37:24,483 INFO    kimi_isac.gen.report: epoch  22/100 train=0.0241 val=0.0203 lr=1.00e-04 (0.4s)
2026-09-20 14:37:24,866 INFO    kimi_isac.gen.report: epoch  23/100 train=0.0242 val=0.0201 lr=1.00e-04 (0.4s)
2026-09-20 14:37:25,199 INFO    kimi_isac.gen.report: epoch  24/100 train=0.0236 val=0.0202 lr=1.00e-04 (0.3s)
2026-09-20 14:37:25,570 INFO    kimi_isac.gen.report: epoch  25/100 train=0.0237 val=0.0201 lr=1.00e-04 (0.4s)
2026-09-20 14:37:25,944 INFO    kimi_isac.gen.report: epoch  26/100 train=0.0242 val=0.0198 lr=1.00e-04 (0.4s)
2026-09-20 14:37:26,334 INFO    kimi_isac.gen.report: epoch  27/100 train=0.0241 val=0.0195 lr=1.00e-04 (0.4s)
2026-09-20 14:37:26,677 INFO    kimi_isac.gen.report: epoch  28/100 train=0.0236 val=0.0203 lr=1.00e-04 (0.3s)
2026-09-20 14:37:27,032 INFO    kimi_isac.gen.report: epoch  29/100 train=0.0240 val=0.0200 lr=1.00e-04 (0.4s)
2026-09-20 14:37:27,381 INFO    kimi_isac.gen.report: epoch  30/100 train=0.0242 val=0.0199 lr=1.00e-04 (0.3s)
2026-09-20 14:37:27,725 INFO    kimi_isac.gen.report: epoch  31/100 train=0.0241 val=0.0196 lr=1.00e-04 (0.3s)
2026-09-20 14:37:28,079 INFO    kimi_isac.gen.report: epoch  32/100 train=0.0245 val=0.0200 lr=1.00e-05 (0.4s)
2026-09-20 14:37:28,408 INFO    kimi_isac.gen.report: epoch  33/100 train=0.0240 val=0.0201 lr=1.00e-05 (0.3s)
2026-09-20 14:37:28,779 INFO    kimi_isac.gen.report: epoch  34/100 train=0.0239 val=0.0197 lr=1.00e-05 (0.4s)
2026-09-20 14:37:29,161 INFO    kimi_isac.gen.report: epoch  35/100 train=0.0234 val=0.0197 lr=1.00e-05 (0.4s)
2026-09-20 14:37:29,162 INFO    kimi_isac.gen.report: early stop at epoch 35 (best 27)
2026-09-20 14:37:31,136 INFO    kimi_isac.gen.report: dit epoch   1/60 train=1.2447 val=0.9456 lr=1.00e-03
2026-09-20 14:37:31,890 INFO    kimi_isac.gen.report: dit epoch   2/60 train=0.8107 val=0.7960 lr=1.00e-03
2026-09-20 14:37:32,647 INFO    kimi_isac.gen.report: dit epoch   3/60 train=0.6118 val=0.5009 lr=1.00e-03
2026-09-20 14:37:33,406 INFO    kimi_isac.gen.report: dit epoch   4/60 train=0.4325 val=0.4456 lr=1.00e-03
2026-09-20 14:37:34,166 INFO    kimi_isac.gen.report: dit epoch   5/60 train=0.4123 val=0.3665 lr=1.00e-03
2026-09-20 14:37:34,924 INFO    kimi_isac.gen.report: dit epoch   6/60 train=0.3863 val=0.3329 lr=1.00e-03
2026-09-20 14:37:35,696 INFO    kimi_isac.gen.report: dit epoch   7/60 train=0.3450 val=0.3144 lr=1.00e-03
2026-09-20 14:37:36,464 INFO    kimi_isac.gen.report: dit epoch   8/60 train=0.3071 val=0.3038 lr=1.00e-03
2026-09-20 14:37:37,240 INFO    kimi_isac.gen.report: dit epoch   9/60 train=0.2782 val=0.2808 lr=1.00e-03
2026-09-20 14:37:38,008 INFO    kimi_isac.gen.report: dit epoch  10/60 train=0.2752 val=0.2733 lr=1.00e-03
2026-09-20 14:37:38,760 INFO    kimi_isac.gen.report: dit epoch  11/60 train=0.2560 val=0.2595 lr=1.00e-03
2026-09-20 14:37:39,519 INFO    kimi_isac.gen.report: dit epoch  12/60 train=0.2598 val=0.2512 lr=1.00e-03
2026-09-20 14:37:40,299 INFO    kimi_isac.gen.report: dit epoch  13/60 train=0.2487 val=0.2335 lr=1.00e-03
2026-09-20 14:37:41,004 INFO    kimi_isac.gen.report: dit epoch  14/60 train=0.2353 val=0.2446 lr=1.00e-03
2026-09-20 14:37:41,760 INFO    kimi_isac.gen.report: dit epoch  15/60 train=0.2186 val=0.2256 lr=1.00e-03
2026-09-20 14:37:42,455 INFO    kimi_isac.gen.report: dit epoch  16/60 train=0.2101 val=0.2281 lr=1.00e-03
2026-09-20 14:37:43,237 INFO    kimi_isac.gen.report: dit epoch  17/60 train=0.2143 val=0.2228 lr=1.00e-03
2026-09-20 14:37:44,007 INFO    kimi_isac.gen.report: dit epoch  18/60 train=0.2180 val=0.2224 lr=1.00e-03
2026-09-20 14:37:44,785 INFO    kimi_isac.gen.report: dit epoch  19/60 train=0.2064 val=0.2066 lr=1.00e-03
2026-09-20 14:37:45,548 INFO    kimi_isac.gen.report: dit epoch  20/60 train=0.2032 val=0.1990 lr=1.00e-03
2026-09-20 14:37:46,298 INFO    kimi_isac.gen.report: dit epoch  21/60 train=0.2005 val=0.1918 lr=1.00e-03
2026-09-20 14:37:47,056 INFO    kimi_isac.gen.report: dit epoch  22/60 train=0.2007 val=0.1836 lr=1.00e-03
2026-09-20 14:37:47,771 INFO    kimi_isac.gen.report: dit epoch  23/60 train=0.1857 val=0.1876 lr=1.00e-03
2026-09-20 14:37:48,462 INFO    kimi_isac.gen.report: dit epoch  24/60 train=0.1804 val=0.2011 lr=1.00e-03
2026-09-20 14:37:49,151 INFO    kimi_isac.gen.report: dit epoch  25/60 train=0.1849 val=0.1947 lr=1.00e-03
2026-09-20 14:37:49,918 INFO    kimi_isac.gen.report: dit epoch  26/60 train=0.1669 val=0.1755 lr=1.00e-03
2026-09-20 14:37:50,634 INFO    kimi_isac.gen.report: dit epoch  27/60 train=0.1726 val=0.1776 lr=1.00e-03
2026-09-20 14:37:51,331 INFO    kimi_isac.gen.report: dit epoch  28/60 train=0.1667 val=0.1801 lr=1.00e-03
2026-09-20 14:37:52,016 INFO    kimi_isac.gen.report: dit epoch  29/60 train=0.1705 val=0.1920 lr=1.00e-03
2026-09-20 14:37:52,792 INFO    kimi_isac.gen.report: dit epoch  30/60 train=0.1594 val=0.1644 lr=1.00e-03
2026-09-20 14:37:53,566 INFO    kimi_isac.gen.report: dit epoch  31/60 train=0.1568 val=0.1591 lr=1.00e-03
2026-09-20 14:37:54,346 INFO    kimi_isac.gen.report: dit epoch  32/60 train=0.1704 val=0.1559 lr=1.00e-03
2026-09-20 14:37:55,057 INFO    kimi_isac.gen.report: dit epoch  33/60 train=0.1500 val=0.1749 lr=1.00e-03
2026-09-20 14:37:55,763 INFO    kimi_isac.gen.report: dit epoch  34/60 train=0.1575 val=0.1660 lr=1.00e-03
2026-09-20 14:37:56,534 INFO    kimi_isac.gen.report: dit epoch  35/60 train=0.1525 val=0.1436 lr=1.00e-03
2026-09-20 14:37:57,233 INFO    kimi_isac.gen.report: dit epoch  36/60 train=0.1582 val=0.1650 lr=1.00e-03
2026-09-20 14:37:57,931 INFO    kimi_isac.gen.report: dit epoch  37/60 train=0.1393 val=0.1530 lr=1.00e-03
2026-09-20 14:37:58,701 INFO    kimi_isac.gen.report: dit epoch  38/60 train=0.1383 val=0.1301 lr=1.00e-03
2026-09-20 14:37:59,412 INFO    kimi_isac.gen.report: dit epoch  39/60 train=0.1409 val=0.1395 lr=1.00e-03
2026-09-20 14:38:00,109 INFO    kimi_isac.gen.report: dit epoch  40/60 train=0.1394 val=0.1427 lr=1.00e-03
2026-09-20 14:38:00,824 INFO    kimi_isac.gen.report: dit epoch  41/60 train=0.1350 val=0.1400 lr=1.00e-03
2026-09-20 14:38:01,534 INFO    kimi_isac.gen.report: dit epoch  42/60 train=0.1250 val=0.1349 lr=1.00e-03
2026-09-20 14:38:02,235 INFO    kimi_isac.gen.report: dit epoch  43/60 train=0.1293 val=0.1408 lr=1.00e-04
2026-09-20 14:38:03,003 INFO    kimi_isac.gen.report: dit epoch  44/60 train=0.1318 val=0.1127 lr=1.00e-04
2026-09-20 14:38:03,711 INFO    kimi_isac.gen.report: dit epoch  45/60 train=0.1153 val=0.1140 lr=1.00e-04
2026-09-20 14:38:04,421 INFO    kimi_isac.gen.report: dit epoch  46/60 train=0.1085 val=0.1130 lr=1.00e-04
2026-09-20 14:38:05,131 INFO    kimi_isac.gen.report: dit epoch  47/60 train=0.1126 val=0.1189 lr=1.00e-04
2026-09-20 14:38:05,916 INFO    kimi_isac.gen.report: dit epoch  48/60 train=0.1059 val=0.1113 lr=1.00e-04
2026-09-20 14:38:06,630 INFO    kimi_isac.gen.report: dit epoch  49/60 train=0.0973 val=0.1154 lr=1.00e-04
2026-09-20 14:38:07,340 INFO    kimi_isac.gen.report: dit epoch  50/60 train=0.0973 val=0.1152 lr=1.00e-04
2026-09-20 14:38:08,110 INFO    kimi_isac.gen.report: dit epoch  51/60 train=0.1045 val=0.1077 lr=1.00e-04
2026-09-20 14:38:08,887 INFO    kimi_isac.gen.report: dit epoch  52/60 train=0.1057 val=0.1038 lr=1.00e-04
2026-09-20 14:38:09,589 INFO    kimi_isac.gen.report: dit epoch  53/60 train=0.1054 val=0.1100 lr=1.00e-04
2026-09-20 14:38:10,298 INFO    kimi_isac.gen.report: dit epoch  54/60 train=0.1046 val=0.1131 lr=1.00e-04
2026-09-20 14:38:10,989 INFO    kimi_isac.gen.report: dit epoch  55/60 train=0.1090 val=0.1059 lr=1.00e-04
2026-09-20 14:38:11,678 INFO    kimi_isac.gen.report: dit epoch  56/60 train=0.1082 val=0.1080 lr=1.00e-04
2026-09-20 14:38:12,438 INFO    kimi_isac.gen.report: dit epoch  57/60 train=0.1043 val=0.1031 lr=1.00e-04
2026-09-20 14:38:13,202 INFO    kimi_isac.gen.report: dit epoch  58/60 train=0.0991 val=0.1014 lr=1.00e-04
2026-09-20 14:38:13,930 INFO    kimi_isac.gen.report: dit epoch  59/60 train=0.0968 val=0.1015 lr=1.00e-04
2026-09-20 14:38:14,635 INFO    kimi_isac.gen.report: dit epoch  60/60 train=0.1115 val=0.1018 lr=1.00e-04
2026-09-20 14:38:29,335 INFO    kimi_isac.gen.report: === gen seed 1004 (5/10) ===
2026-09-20 14:38:29,761 INFO    kimi_isac.gen.report: epoch   1/100 train=0.1911 val=0.1242 lr=1.00e-03 (0.4s)
2026-09-20 14:38:30,162 INFO    kimi_isac.gen.report: epoch   2/100 train=0.0869 val=0.0604 lr=1.00e-03 (0.4s)
2026-09-20 14:38:30,537 INFO    kimi_isac.gen.report: epoch   3/100 train=0.0553 val=0.0512 lr=1.00e-03 (0.4s)
2026-09-20 14:38:30,926 INFO    kimi_isac.gen.report: epoch   4/100 train=0.0484 val=0.0414 lr=1.00e-03 (0.4s)
2026-09-20 14:38:31,335 INFO    kimi_isac.gen.report: epoch   5/100 train=0.0460 val=0.0396 lr=1.00e-03 (0.4s)
2026-09-20 14:38:31,716 INFO    kimi_isac.gen.report: epoch   6/100 train=0.0410 val=0.0323 lr=1.00e-03 (0.4s)
2026-09-20 14:38:32,088 INFO    kimi_isac.gen.report: epoch   7/100 train=0.0346 val=0.0253 lr=1.00e-03 (0.4s)
2026-09-20 14:38:32,456 INFO    kimi_isac.gen.report: epoch   8/100 train=0.0347 val=0.0263 lr=1.00e-03 (0.4s)
2026-09-20 14:38:32,803 INFO    kimi_isac.gen.report: epoch   9/100 train=0.0376 val=0.0289 lr=1.00e-03 (0.3s)
2026-09-20 14:38:33,174 INFO    kimi_isac.gen.report: epoch  10/100 train=0.0336 val=0.0267 lr=1.00e-03 (0.4s)
2026-09-20 14:38:33,503 INFO    kimi_isac.gen.report: epoch  11/100 train=0.0331 val=0.0253 lr=1.00e-03 (0.3s)
2026-09-20 14:38:33,842 INFO    kimi_isac.gen.report: epoch  12/100 train=0.0324 val=0.0283 lr=1.00e-04 (0.3s)
2026-09-20 14:38:34,221 INFO    kimi_isac.gen.report: epoch  13/100 train=0.0294 val=0.0232 lr=1.00e-04 (0.4s)
2026-09-20 14:38:34,619 INFO    kimi_isac.gen.report: epoch  14/100 train=0.0283 val=0.0215 lr=1.00e-04 (0.4s)
2026-09-20 14:38:34,971 INFO    kimi_isac.gen.report: epoch  15/100 train=0.0268 val=0.0217 lr=1.00e-04 (0.4s)
2026-09-20 14:38:35,304 INFO    kimi_isac.gen.report: epoch  16/100 train=0.0266 val=0.0220 lr=1.00e-04 (0.3s)
2026-09-20 14:38:35,697 INFO    kimi_isac.gen.report: epoch  17/100 train=0.0255 val=0.0203 lr=1.00e-04 (0.4s)
2026-09-20 14:38:36,053 INFO    kimi_isac.gen.report: epoch  18/100 train=0.0258 val=0.0215 lr=1.00e-04 (0.4s)
2026-09-20 14:38:36,439 INFO    kimi_isac.gen.report: epoch  19/100 train=0.0255 val=0.0211 lr=1.00e-04 (0.4s)
2026-09-20 14:38:36,779 INFO    kimi_isac.gen.report: epoch  20/100 train=0.0257 val=0.0212 lr=1.00e-04 (0.3s)
2026-09-20 14:38:37,148 INFO    kimi_isac.gen.report: epoch  21/100 train=0.0250 val=0.0204 lr=1.00e-04 (0.4s)
2026-09-20 14:38:37,498 INFO    kimi_isac.gen.report: epoch  22/100 train=0.0249 val=0.0208 lr=1.00e-05 (0.3s)
2026-09-20 14:38:37,848 INFO    kimi_isac.gen.report: epoch  23/100 train=0.0261 val=0.0209 lr=1.00e-05 (0.3s)
2026-09-20 14:38:38,184 INFO    kimi_isac.gen.report: epoch  24/100 train=0.0250 val=0.0206 lr=1.00e-05 (0.3s)
2026-09-20 14:38:38,519 INFO    kimi_isac.gen.report: epoch  25/100 train=0.0247 val=0.0207 lr=1.00e-05 (0.3s)
2026-09-20 14:38:38,519 INFO    kimi_isac.gen.report: early stop at epoch 25 (best 17)
2026-09-20 14:38:40,549 INFO    kimi_isac.gen.report: dit epoch   1/60 train=1.2407 val=0.9470 lr=1.00e-03
2026-09-20 14:38:41,337 INFO    kimi_isac.gen.report: dit epoch   2/60 train=0.7985 val=0.7252 lr=1.00e-03
2026-09-20 14:38:42,093 INFO    kimi_isac.gen.report: dit epoch   3/60 train=0.5460 val=0.4844 lr=1.00e-03
2026-09-20 14:38:42,853 INFO    kimi_isac.gen.report: dit epoch   4/60 train=0.4552 val=0.4208 lr=1.00e-03
2026-09-20 14:38:43,630 INFO    kimi_isac.gen.report: dit epoch   5/60 train=0.4108 val=0.3731 lr=1.00e-03
2026-09-20 14:38:44,419 INFO    kimi_isac.gen.report: dit epoch   6/60 train=0.3507 val=0.3657 lr=1.00e-03
2026-09-20 14:38:45,191 INFO    kimi_isac.gen.report: dit epoch   7/60 train=0.3365 val=0.2960 lr=1.00e-03
2026-09-20 14:38:45,892 INFO    kimi_isac.gen.report: dit epoch   8/60 train=0.3170 val=0.3015 lr=1.00e-03
2026-09-20 14:38:46,663 INFO    kimi_isac.gen.report: dit epoch   9/60 train=0.2873 val=0.2852 lr=1.00e-03
2026-09-20 14:38:47,432 INFO    kimi_isac.gen.report: dit epoch  10/60 train=0.2612 val=0.2430 lr=1.00e-03
2026-09-20 14:38:48,144 INFO    kimi_isac.gen.report: dit epoch  11/60 train=0.2456 val=0.2505 lr=1.00e-03
2026-09-20 14:38:48,911 INFO    kimi_isac.gen.report: dit epoch  12/60 train=0.2503 val=0.2367 lr=1.00e-03
2026-09-20 14:38:49,657 INFO    kimi_isac.gen.report: dit epoch  13/60 train=0.2305 val=0.2355 lr=1.00e-03
2026-09-20 14:38:50,429 INFO    kimi_isac.gen.report: dit epoch  14/60 train=0.2298 val=0.2186 lr=1.00e-03
2026-09-20 14:38:51,185 INFO    kimi_isac.gen.report: dit epoch  15/60 train=0.2087 val=0.2080 lr=1.00e-03
2026-09-20 14:38:51,893 INFO    kimi_isac.gen.report: dit epoch  16/60 train=0.1938 val=0.2142 lr=1.00e-03
2026-09-20 14:38:52,659 INFO    kimi_isac.gen.report: dit epoch  17/60 train=0.2048 val=0.1993 lr=1.00e-03
2026-09-20 14:38:53,357 INFO    kimi_isac.gen.report: dit epoch  18/60 train=0.2000 val=0.2064 lr=1.00e-03
2026-09-20 14:38:54,125 INFO    kimi_isac.gen.report: dit epoch  19/60 train=0.1883 val=0.1890 lr=1.00e-03
2026-09-20 14:38:54,831 INFO    kimi_isac.gen.report: dit epoch  20/60 train=0.1881 val=0.2081 lr=1.00e-03
2026-09-20 14:38:55,535 INFO    kimi_isac.gen.report: dit epoch  21/60 train=0.1783 val=0.2140 lr=1.00e-03
2026-09-20 14:38:56,229 INFO    kimi_isac.gen.report: dit epoch  22/60 train=0.1915 val=0.2026 lr=1.00e-03
2026-09-20 14:38:56,939 INFO    kimi_isac.gen.report: dit epoch  23/60 train=0.1751 val=0.2048 lr=1.00e-03
2026-09-20 14:38:57,637 INFO    kimi_isac.gen.report: dit epoch  24/60 train=0.1933 val=0.1979 lr=1.00e-04
2026-09-20 14:38:58,397 INFO    kimi_isac.gen.report: dit epoch  25/60 train=0.1631 val=0.1751 lr=1.00e-04
2026-09-20 14:38:59,167 INFO    kimi_isac.gen.report: dit epoch  26/60 train=0.1669 val=0.1530 lr=1.00e-04
2026-09-20 14:38:59,868 INFO    kimi_isac.gen.report: dit epoch  27/60 train=0.1673 val=0.1574 lr=1.00e-04
2026-09-20 14:39:00,557 INFO    kimi_isac.gen.report: dit epoch  28/60 train=0.1454 val=0.1607 lr=1.00e-04
2026-09-20 14:39:01,333 INFO    kimi_isac.gen.report: dit epoch  29/60 train=0.1449 val=0.1510 lr=1.00e-04
2026-09-20 14:39:02,097 INFO    kimi_isac.gen.report: dit epoch  30/60 train=0.1558 val=0.1399 lr=1.00e-04
2026-09-20 14:39:02,805 INFO    kimi_isac.gen.report: dit epoch  31/60 train=0.1473 val=0.1546 lr=1.00e-04
2026-09-20 14:39:03,517 INFO    kimi_isac.gen.report: dit epoch  32/60 train=0.1439 val=0.1431 lr=1.00e-04
2026-09-20 14:39:04,225 INFO    kimi_isac.gen.report: dit epoch  33/60 train=0.1448 val=0.1437 lr=1.00e-04
2026-09-20 14:39:04,990 INFO    kimi_isac.gen.report: dit epoch  34/60 train=0.1437 val=0.1333 lr=1.00e-04
2026-09-20 14:39:05,697 INFO    kimi_isac.gen.report: dit epoch  35/60 train=0.1348 val=0.1383 lr=1.00e-04
2026-09-20 14:39:06,416 INFO    kimi_isac.gen.report: dit epoch  36/60 train=0.1349 val=0.1441 lr=1.00e-04
2026-09-20 14:39:07,118 INFO    kimi_isac.gen.report: dit epoch  37/60 train=0.1437 val=0.1417 lr=1.00e-04
2026-09-20 14:39:07,831 INFO    kimi_isac.gen.report: dit epoch  38/60 train=0.1359 val=0.1430 lr=1.00e-04
2026-09-20 14:39:08,520 INFO    kimi_isac.gen.report: dit epoch  39/60 train=0.1370 val=0.1538 lr=1.00e-05
2026-09-20 14:39:09,225 INFO    kimi_isac.gen.report: dit epoch  40/60 train=0.1398 val=0.1373 lr=1.00e-05
2026-09-20 14:39:09,930 INFO    kimi_isac.gen.report: dit epoch  41/60 train=0.1377 val=0.1384 lr=1.00e-05
2026-09-20 14:39:10,631 INFO    kimi_isac.gen.report: dit epoch  42/60 train=0.1361 val=0.1387 lr=1.00e-05
2026-09-20 14:39:10,632 INFO    kimi_isac.gen.report: dit early stop at epoch 42
2026-09-20 14:39:25,407 INFO    kimi_isac.gen.report: === gen seed 1005 (6/10) ===
2026-09-20 14:39:25,855 INFO    kimi_isac.gen.report: epoch   1/100 train=0.1876 val=0.1468 lr=1.00e-03 (0.4s)
2026-09-20 14:39:26,260 INFO    kimi_isac.gen.report: epoch   2/100 train=0.1235 val=0.0802 lr=1.00e-03 (0.4s)
2026-09-20 14:39:26,645 INFO    kimi_isac.gen.report: epoch   3/100 train=0.0715 val=0.0522 lr=1.00e-03 (0.4s)
2026-09-20 14:39:27,072 INFO    kimi_isac.gen.report: epoch   4/100 train=0.0547 val=0.0419 lr=1.00e-03 (0.4s)
2026-09-20 14:39:27,453 INFO    kimi_isac.gen.report: epoch   5/100 train=0.0501 val=0.0398 lr=1.00e-03 (0.4s)
2026-09-20 14:39:27,846 INFO    kimi_isac.gen.report: epoch   6/100 train=0.0461 val=0.0291 lr=1.00e-03 (0.4s)
2026-09-20 14:39:28,233 INFO    kimi_isac.gen.report: epoch   7/100 train=0.0372 val=0.0287 lr=1.00e-03 (0.4s)
2026-09-20 14:39:28,633 INFO    kimi_isac.gen.report: epoch   8/100 train=0.0328 val=0.0274 lr=1.00e-03 (0.4s)
2026-09-20 14:39:29,010 INFO    kimi_isac.gen.report: epoch   9/100 train=0.0335 val=0.0269 lr=1.00e-03 (0.4s)
2026-09-20 14:39:29,393 INFO    kimi_isac.gen.report: epoch  10/100 train=0.0319 val=0.0246 lr=1.00e-03 (0.4s)
2026-09-20 14:39:29,768 INFO    kimi_isac.gen.report: epoch  11/100 train=0.0299 val=0.0249 lr=1.00e-03 (0.4s)
2026-09-20 14:39:30,136 INFO    kimi_isac.gen.report: epoch  12/100 train=0.0307 val=0.0271 lr=1.00e-03 (0.4s)
2026-09-20 14:39:30,484 INFO    kimi_isac.gen.report: epoch  13/100 train=0.0284 val=0.0267 lr=1.00e-03 (0.3s)
2026-09-20 14:39:30,840 INFO    kimi_isac.gen.report: epoch  14/100 train=0.0285 val=0.0252 lr=1.00e-03 (0.4s)
2026-09-20 14:39:31,163 INFO    kimi_isac.gen.report: epoch  15/100 train=0.0285 val=0.0272 lr=1.00e-04 (0.3s)
2026-09-20 14:39:31,559 INFO    kimi_isac.gen.report: epoch  16/100 train=0.0283 val=0.0216 lr=1.00e-04 (0.4s)
2026-09-20 14:39:31,961 INFO    kimi_isac.gen.report: epoch  17/100 train=0.0261 val=0.0215 lr=1.00e-04 (0.4s)
2026-09-20 14:39:32,363 INFO    kimi_isac.gen.report: epoch  18/100 train=0.0251 val=0.0199 lr=1.00e-04 (0.4s)
2026-09-20 14:39:32,726 INFO    kimi_isac.gen.report: epoch  19/100 train=0.0251 val=0.0211 lr=1.00e-04 (0.4s)
2026-09-20 14:39:33,083 INFO    kimi_isac.gen.report: epoch  20/100 train=0.0248 val=0.0201 lr=1.00e-04 (0.4s)
2026-09-20 14:39:33,449 INFO    kimi_isac.gen.report: epoch  21/100 train=0.0254 val=0.0200 lr=1.00e-04 (0.4s)
2026-09-20 14:39:33,833 INFO    kimi_isac.gen.report: epoch  22/100 train=0.0260 val=0.0198 lr=1.00e-04 (0.4s)
2026-09-20 14:39:34,220 INFO    kimi_isac.gen.report: epoch  23/100 train=0.0238 val=0.0195 lr=1.00e-04 (0.4s)
2026-09-20 14:39:34,575 INFO    kimi_isac.gen.report: epoch  24/100 train=0.0239 val=0.0206 lr=1.00e-04 (0.4s)
2026-09-20 14:39:34,926 INFO    kimi_isac.gen.report: epoch  25/100 train=0.0251 val=0.0198 lr=1.00e-04 (0.4s)
2026-09-20 14:39:35,281 INFO    kimi_isac.gen.report: epoch  26/100 train=0.0243 val=0.0197 lr=1.00e-04 (0.4s)
2026-09-20 14:39:35,654 INFO    kimi_isac.gen.report: epoch  27/100 train=0.0240 val=0.0194 lr=1.00e-04 (0.4s)
2026-09-20 14:39:36,037 INFO    kimi_isac.gen.report: epoch  28/100 train=0.0246 val=0.0199 lr=1.00e-04 (0.4s)
2026-09-20 14:39:36,396 INFO    kimi_isac.gen.report: epoch  29/100 train=0.0238 val=0.0208 lr=1.00e-04 (0.4s)
2026-09-20 14:39:36,750 INFO    kimi_isac.gen.report: epoch  30/100 train=0.0242 val=0.0198 lr=1.00e-04 (0.4s)
2026-09-20 14:39:37,101 INFO    kimi_isac.gen.report: epoch  31/100 train=0.0246 val=0.0197 lr=1.00e-04 (0.4s)
2026-09-20 14:39:37,460 INFO    kimi_isac.gen.report: epoch  32/100 train=0.0239 val=0.0199 lr=1.00e-05 (0.4s)
2026-09-20 14:39:37,809 INFO    kimi_isac.gen.report: epoch  33/100 train=0.0240 val=0.0202 lr=1.00e-05 (0.3s)
2026-09-20 14:39:38,141 INFO    kimi_isac.gen.report: epoch  34/100 train=0.0245 val=0.0201 lr=1.00e-05 (0.3s)
2026-09-20 14:39:38,489 INFO    kimi_isac.gen.report: epoch  35/100 train=0.0242 val=0.0197 lr=1.00e-05 (0.3s)
2026-09-20 14:39:38,489 INFO    kimi_isac.gen.report: early stop at epoch 35 (best 27)
2026-09-20 14:39:40,488 INFO    kimi_isac.gen.report: dit epoch   1/60 train=1.2136 val=0.9732 lr=1.00e-03
2026-09-20 14:39:41,242 INFO    kimi_isac.gen.report: dit epoch   2/60 train=0.8263 val=0.6876 lr=1.00e-03
2026-09-20 14:39:41,988 INFO    kimi_isac.gen.report: dit epoch   3/60 train=0.5740 val=0.4974 lr=1.00e-03
2026-09-20 14:39:42,753 INFO    kimi_isac.gen.report: dit epoch   4/60 train=0.4174 val=0.4192 lr=1.00e-03
2026-09-20 14:39:43,548 INFO    kimi_isac.gen.report: dit epoch   5/60 train=0.3887 val=0.3888 lr=1.00e-03
2026-09-20 14:39:44,322 INFO    kimi_isac.gen.report: dit epoch   6/60 train=0.3476 val=0.3302 lr=1.00e-03
2026-09-20 14:39:45,082 INFO    kimi_isac.gen.report: dit epoch   7/60 train=0.3124 val=0.3018 lr=1.00e-03
2026-09-20 14:39:45,852 INFO    kimi_isac.gen.report: dit epoch   8/60 train=0.2871 val=0.2764 lr=1.00e-03
2026-09-20 14:39:46,559 INFO    kimi_isac.gen.report: dit epoch   9/60 train=0.2956 val=0.2786 lr=1.00e-03
2026-09-20 14:39:47,313 INFO    kimi_isac.gen.report: dit epoch  10/60 train=0.2664 val=0.2673 lr=1.00e-03
2026-09-20 14:39:48,089 INFO    kimi_isac.gen.report: dit epoch  11/60 train=0.2500 val=0.2483 lr=1.00e-03
2026-09-20 14:39:48,783 INFO    kimi_isac.gen.report: dit epoch  12/60 train=0.2651 val=0.2685 lr=1.00e-03
2026-09-20 14:39:49,543 INFO    kimi_isac.gen.report: dit epoch  13/60 train=0.2318 val=0.2197 lr=1.00e-03
2026-09-20 14:39:50,239 INFO    kimi_isac.gen.report: dit epoch  14/60 train=0.2261 val=0.2326 lr=1.00e-03
2026-09-20 14:39:50,923 INFO    kimi_isac.gen.report: dit epoch  15/60 train=0.2276 val=0.2370 lr=1.00e-03
2026-09-20 14:39:51,700 INFO    kimi_isac.gen.report: dit epoch  16/60 train=0.2265 val=0.2138 lr=1.00e-03
2026-09-20 14:39:52,486 INFO    kimi_isac.gen.report: dit epoch  17/60 train=0.2159 val=0.1990 lr=1.00e-03
2026-09-20 14:39:53,189 INFO    kimi_isac.gen.report: dit epoch  18/60 train=0.1983 val=0.2014 lr=1.00e-03
2026-09-20 14:39:53,896 INFO    kimi_isac.gen.report: dit epoch  19/60 train=0.1823 val=0.2014 lr=1.00e-03
2026-09-20 14:39:54,646 INFO    kimi_isac.gen.report: dit epoch  20/60 train=0.1837 val=0.1839 lr=1.00e-03
2026-09-20 14:39:55,358 INFO    kimi_isac.gen.report: dit epoch  21/60 train=0.1922 val=0.1931 lr=1.00e-03
2026-09-20 14:39:56,051 INFO    kimi_isac.gen.report: dit epoch  22/60 train=0.1939 val=0.1983 lr=1.00e-03
2026-09-20 14:39:56,832 INFO    kimi_isac.gen.report: dit epoch  23/60 train=0.1845 val=0.1730 lr=1.00e-03
2026-09-20 14:39:57,529 INFO    kimi_isac.gen.report: dit epoch  24/60 train=0.1871 val=0.1985 lr=1.00e-03
2026-09-20 14:39:58,230 INFO    kimi_isac.gen.report: dit epoch  25/60 train=0.1831 val=0.1786 lr=1.00e-03
2026-09-20 14:39:58,984 INFO    kimi_isac.gen.report: dit epoch  26/60 train=0.1769 val=0.1692 lr=1.00e-03
2026-09-20 14:39:59,691 INFO    kimi_isac.gen.report: dit epoch  27/60 train=0.1856 val=0.1841 lr=1.00e-03
2026-09-20 14:40:00,448 INFO    kimi_isac.gen.report: dit epoch  28/60 train=0.1729 val=0.1668 lr=1.00e-03
2026-09-20 14:40:01,151 INFO    kimi_isac.gen.report: dit epoch  29/60 train=0.1710 val=0.1807 lr=1.00e-03
2026-09-20 14:40:01,857 INFO    kimi_isac.gen.report: dit epoch  30/60 train=0.1721 val=0.1781 lr=1.00e-03
2026-09-20 14:40:02,617 INFO    kimi_isac.gen.report: dit epoch  31/60 train=0.1578 val=0.1642 lr=1.00e-03
2026-09-20 14:40:03,309 INFO    kimi_isac.gen.report: dit epoch  32/60 train=0.1484 val=0.1647 lr=1.00e-03
2026-09-20 14:40:04,009 INFO    kimi_isac.gen.report: dit epoch  33/60 train=0.1551 val=0.1686 lr=1.00e-03
2026-09-20 14:40:04,757 INFO    kimi_isac.gen.report: dit epoch  34/60 train=0.1534 val=0.1592 lr=1.00e-03
2026-09-20 14:40:05,518 INFO    kimi_isac.gen.report: dit epoch  35/60 train=0.1407 val=0.1568 lr=1.00e-03
2026-09-20 14:40:06,293 INFO    kimi_isac.gen.report: dit epoch  36/60 train=0.1465 val=0.1435 lr=1.00e-03
2026-09-20 14:40:06,992 INFO    kimi_isac.gen.report: dit epoch  37/60 train=0.1501 val=0.1563 lr=1.00e-03
2026-09-20 14:40:07,688 INFO    kimi_isac.gen.report: dit epoch  38/60 train=0.1446 val=0.1622 lr=1.00e-03
2026-09-20 14:40:08,447 INFO    kimi_isac.gen.report: dit epoch  39/60 train=0.1585 val=0.1396 lr=1.00e-03
2026-09-20 14:40:09,209 INFO    kimi_isac.gen.report: dit epoch  40/60 train=0.1495 val=0.1369 lr=1.00e-03
2026-09-20 14:40:09,969 INFO    kimi_isac.gen.report: dit epoch  41/60 train=0.1430 val=0.1367 lr=1.00e-03
2026-09-20 14:40:10,737 INFO    kimi_isac.gen.report: dit epoch  42/60 train=0.1413 val=0.1336 lr=1.00e-03
2026-09-20 14:40:11,422 INFO    kimi_isac.gen.report: dit epoch  43/60 train=0.1473 val=0.1361 lr=1.00e-03
2026-09-20 14:40:12,116 INFO    kimi_isac.gen.report: dit epoch  44/60 train=0.1516 val=0.1480 lr=1.00e-03
2026-09-20 14:40:12,801 INFO    kimi_isac.gen.report: dit epoch  45/60 train=0.1375 val=0.1346 lr=1.00e-03
2026-09-20 14:40:13,520 INFO    kimi_isac.gen.report: dit epoch  46/60 train=0.1289 val=0.1364 lr=1.00e-03
2026-09-20 14:40:14,237 INFO    kimi_isac.gen.report: dit epoch  47/60 train=0.1387 val=0.1419 lr=1.00e-04
2026-09-20 14:40:14,994 INFO    kimi_isac.gen.report: dit epoch  48/60 train=0.1256 val=0.1226 lr=1.00e-04
2026-09-20 14:40:15,696 INFO    kimi_isac.gen.report: dit epoch  49/60 train=0.1193 val=0.1308 lr=1.00e-04
2026-09-20 14:40:16,393 INFO    kimi_isac.gen.report: dit epoch  50/60 train=0.1057 val=0.1283 lr=1.00e-04
2026-09-20 14:40:17,143 INFO    kimi_isac.gen.report: dit epoch  51/60 train=0.1059 val=0.1117 lr=1.00e-04
2026-09-20 14:40:17,918 INFO    kimi_isac.gen.report: dit epoch  52/60 train=0.1163 val=0.1048 lr=1.00e-04
2026-09-20 14:40:18,630 INFO    kimi_isac.gen.report: dit epoch  53/60 train=0.1135 val=0.1101 lr=1.00e-04
2026-09-20 14:40:19,320 INFO    kimi_isac.gen.report: dit epoch  54/60 train=0.0999 val=0.1083 lr=1.00e-04
2026-09-20 14:40:20,096 INFO    kimi_isac.gen.report: dit epoch  55/60 train=0.1093 val=0.0991 lr=1.00e-04
2026-09-20 14:40:20,800 INFO    kimi_isac.gen.report: dit epoch  56/60 train=0.1109 val=0.1069 lr=1.00e-04
2026-09-20 14:40:21,499 INFO    kimi_isac.gen.report: dit epoch  57/60 train=0.1032 val=0.1093 lr=1.00e-04
2026-09-20 14:40:22,207 INFO    kimi_isac.gen.report: dit epoch  58/60 train=0.1018 val=0.1029 lr=1.00e-04
2026-09-20 14:40:22,909 INFO    kimi_isac.gen.report: dit epoch  59/60 train=0.1181 val=0.1035 lr=1.00e-04
2026-09-20 14:40:23,628 INFO    kimi_isac.gen.report: dit epoch  60/60 train=0.1066 val=0.1074 lr=1.00e-05
2026-09-20 14:40:38,320 INFO    kimi_isac.gen.report: === gen seed 1006 (7/10) ===
2026-09-20 14:40:38,753 INFO    kimi_isac.gen.report: epoch   1/100 train=0.1973 val=0.1311 lr=1.00e-03 (0.4s)
2026-09-20 14:40:39,149 INFO    kimi_isac.gen.report: epoch   2/100 train=0.0967 val=0.0571 lr=1.00e-03 (0.4s)
2026-09-20 14:40:39,510 INFO    kimi_isac.gen.report: epoch   3/100 train=0.0648 val=0.0702 lr=1.00e-03 (0.4s)
2026-09-20 14:40:39,906 INFO    kimi_isac.gen.report: epoch   4/100 train=0.0576 val=0.0495 lr=1.00e-03 (0.4s)
2026-09-20 14:40:40,291 INFO    kimi_isac.gen.report: epoch   5/100 train=0.0493 val=0.0369 lr=1.00e-03 (0.4s)
2026-09-20 14:40:40,694 INFO    kimi_isac.gen.report: epoch   6/100 train=0.0427 val=0.0306 lr=1.00e-03 (0.4s)
2026-09-20 14:40:41,048 INFO    kimi_isac.gen.report: epoch   7/100 train=0.0371 val=0.0316 lr=1.00e-03 (0.4s)
2026-09-20 14:40:41,442 INFO    kimi_isac.gen.report: epoch   8/100 train=0.0367 val=0.0281 lr=1.00e-03 (0.4s)
2026-09-20 14:40:41,831 INFO    kimi_isac.gen.report: epoch   9/100 train=0.0338 val=0.0264 lr=1.00e-03 (0.4s)
2026-09-20 14:40:42,187 INFO    kimi_isac.gen.report: epoch  10/100 train=0.0305 val=0.0335 lr=1.00e-03 (0.4s)
2026-09-20 14:40:42,557 INFO    kimi_isac.gen.report: epoch  11/100 train=0.0326 val=0.0314 lr=1.00e-03 (0.4s)
2026-09-20 14:40:42,908 INFO    kimi_isac.gen.report: epoch  12/100 train=0.0347 val=0.0270 lr=1.00e-03 (0.4s)
2026-09-20 14:40:43,312 INFO    kimi_isac.gen.report: epoch  13/100 train=0.0326 val=0.0225 lr=1.00e-03 (0.4s)
2026-09-20 14:40:43,666 INFO    kimi_isac.gen.report: epoch  14/100 train=0.0325 val=0.0238 lr=1.00e-03 (0.4s)
2026-09-20 14:40:44,045 INFO    kimi_isac.gen.report: epoch  15/100 train=0.0308 val=0.0230 lr=1.00e-03 (0.4s)
2026-09-20 14:40:44,397 INFO    kimi_isac.gen.report: epoch  16/100 train=0.0291 val=0.0258 lr=1.00e-03 (0.4s)
2026-09-20 14:40:44,742 INFO    kimi_isac.gen.report: epoch  17/100 train=0.0282 val=0.0234 lr=1.00e-03 (0.3s)
2026-09-20 14:40:45,161 INFO    kimi_isac.gen.report: epoch  18/100 train=0.0274 val=0.0224 lr=1.00e-03 (0.4s)
2026-09-20 14:40:45,521 INFO    kimi_isac.gen.report: epoch  19/100 train=0.0281 val=0.0237 lr=1.00e-03 (0.4s)
2026-09-20 14:40:45,878 INFO    kimi_isac.gen.report: epoch  20/100 train=0.0289 val=0.0254 lr=1.00e-03 (0.4s)
2026-09-20 14:40:46,269 INFO    kimi_isac.gen.report: epoch  21/100 train=0.0291 val=0.0219 lr=1.00e-03 (0.4s)
2026-09-20 14:40:46,659 INFO    kimi_isac.gen.report: epoch  22/100 train=0.0265 val=0.0231 lr=1.00e-03 (0.4s)
2026-09-20 14:40:46,999 INFO    kimi_isac.gen.report: epoch  23/100 train=0.0273 val=0.0240 lr=1.00e-03 (0.3s)
2026-09-20 14:40:47,381 INFO    kimi_isac.gen.report: epoch  24/100 train=0.0268 val=0.0209 lr=1.00e-03 (0.4s)
2026-09-20 14:40:47,716 INFO    kimi_isac.gen.report: epoch  25/100 train=0.0266 val=0.0226 lr=1.00e-03 (0.3s)
2026-09-20 14:40:48,046 INFO    kimi_isac.gen.report: epoch  26/100 train=0.0262 val=0.0238 lr=1.00e-03 (0.3s)
2026-09-20 14:40:48,400 INFO    kimi_isac.gen.report: epoch  27/100 train=0.0268 val=0.0222 lr=1.00e-03 (0.4s)
2026-09-20 14:40:48,742 INFO    kimi_isac.gen.report: epoch  28/100 train=0.0266 val=0.0211 lr=1.00e-03 (0.3s)
2026-09-20 14:40:49,101 INFO    kimi_isac.gen.report: epoch  29/100 train=0.0261 val=0.0209 lr=1.00e-04 (0.4s)
2026-09-20 14:40:49,499 INFO    kimi_isac.gen.report: epoch  30/100 train=0.0239 val=0.0204 lr=1.00e-04 (0.4s)
2026-09-20 14:40:49,900 INFO    kimi_isac.gen.report: epoch  31/100 train=0.0231 val=0.0199 lr=1.00e-04 (0.4s)
2026-09-20 14:40:50,293 INFO    kimi_isac.gen.report: epoch  32/100 train=0.0232 val=0.0192 lr=1.00e-04 (0.4s)
2026-09-20 14:40:50,634 INFO    kimi_isac.gen.report: epoch  33/100 train=0.0231 val=0.0199 lr=1.00e-04 (0.3s)
2026-09-20 14:40:50,985 INFO    kimi_isac.gen.report: epoch  34/100 train=0.0226 val=0.0193 lr=1.00e-04 (0.4s)
2026-09-20 14:40:51,317 INFO    kimi_isac.gen.report: epoch  35/100 train=0.0239 val=0.0196 lr=1.00e-04 (0.3s)
2026-09-20 14:40:51,664 INFO    kimi_isac.gen.report: epoch  36/100 train=0.0227 val=0.0192 lr=1.00e-04 (0.3s)
2026-09-20 14:40:52,014 INFO    kimi_isac.gen.report: epoch  37/100 train=0.0230 val=0.0193 lr=1.00e-05 (0.3s)
2026-09-20 14:40:52,368 INFO    kimi_isac.gen.report: epoch  38/100 train=0.0228 val=0.0199 lr=1.00e-05 (0.4s)
2026-09-20 14:40:52,763 INFO    kimi_isac.gen.report: epoch  39/100 train=0.0228 val=0.0189 lr=1.00e-05 (0.4s)
2026-09-20 14:40:53,107 INFO    kimi_isac.gen.report: epoch  40/100 train=0.0225 val=0.0198 lr=1.00e-05 (0.3s)
2026-09-20 14:40:53,443 INFO    kimi_isac.gen.report: epoch  41/100 train=0.0231 val=0.0198 lr=1.00e-05 (0.3s)
2026-09-20 14:40:53,795 INFO    kimi_isac.gen.report: epoch  42/100 train=0.0224 val=0.0191 lr=1.00e-05 (0.4s)
2026-09-20 14:40:54,157 INFO    kimi_isac.gen.report: epoch  43/100 train=0.0225 val=0.0191 lr=1.00e-05 (0.4s)
2026-09-20 14:40:54,504 INFO    kimi_isac.gen.report: epoch  44/100 train=0.0224 val=0.0194 lr=1.00e-06 (0.3s)
2026-09-20 14:40:54,863 INFO    kimi_isac.gen.report: epoch  45/100 train=0.0227 val=0.0189 lr=1.00e-06 (0.4s)
2026-09-20 14:40:55,214 INFO    kimi_isac.gen.report: epoch  46/100 train=0.0227 val=0.0194 lr=1.00e-06 (0.4s)
2026-09-20 14:40:55,574 INFO    kimi_isac.gen.report: epoch  47/100 train=0.0227 val=0.0194 lr=1.00e-06 (0.4s)
2026-09-20 14:40:55,574 INFO    kimi_isac.gen.report: early stop at epoch 47 (best 39)
2026-09-20 14:40:57,579 INFO    kimi_isac.gen.report: dit epoch   1/60 train=1.1865 val=0.9456 lr=1.00e-03
2026-09-20 14:40:58,342 INFO    kimi_isac.gen.report: dit epoch   2/60 train=0.8080 val=0.8240 lr=1.00e-03
2026-09-20 14:40:59,122 INFO    kimi_isac.gen.report: dit epoch   3/60 train=0.6064 val=0.5385 lr=1.00e-03
2026-09-20 14:40:59,891 INFO    kimi_isac.gen.report: dit epoch   4/60 train=0.4360 val=0.4337 lr=1.00e-03
2026-09-20 14:41:00,650 INFO    kimi_isac.gen.report: dit epoch   5/60 train=0.3879 val=0.3861 lr=1.00e-03
2026-09-20 14:41:01,410 INFO    kimi_isac.gen.report: dit epoch   6/60 train=0.3683 val=0.3691 lr=1.00e-03
2026-09-20 14:41:02,182 INFO    kimi_isac.gen.report: dit epoch   7/60 train=0.3235 val=0.3017 lr=1.00e-03
2026-09-20 14:41:02,892 INFO    kimi_isac.gen.report: dit epoch   8/60 train=0.3008 val=0.3210 lr=1.00e-03
2026-09-20 14:41:03,581 INFO    kimi_isac.gen.report: dit epoch   9/60 train=0.2763 val=0.3068 lr=1.00e-03
2026-09-20 14:41:04,339 INFO    kimi_isac.gen.report: dit epoch  10/60 train=0.2602 val=0.2694 lr=1.00e-03
2026-09-20 14:41:05,109 INFO    kimi_isac.gen.report: dit epoch  11/60 train=0.2578 val=0.2482 lr=1.00e-03
2026-09-20 14:41:05,793 INFO    kimi_isac.gen.report: dit epoch  12/60 train=0.2445 val=0.2506 lr=1.00e-03
2026-09-20 14:41:06,557 INFO    kimi_isac.gen.report: dit epoch  13/60 train=0.2358 val=0.2366 lr=1.00e-03
2026-09-20 14:41:07,274 INFO    kimi_isac.gen.report: dit epoch  14/60 train=0.2386 val=0.2384 lr=1.00e-03
2026-09-20 14:41:07,963 INFO    kimi_isac.gen.report: dit epoch  15/60 train=0.2156 val=0.2463 lr=1.00e-03
2026-09-20 14:41:08,664 INFO    kimi_isac.gen.report: dit epoch  16/60 train=0.2450 val=0.2401 lr=1.00e-03
2026-09-20 14:41:09,428 INFO    kimi_isac.gen.report: dit epoch  17/60 train=0.2168 val=0.2091 lr=1.00e-03
2026-09-20 14:41:10,173 INFO    kimi_isac.gen.report: dit epoch  18/60 train=0.2037 val=0.2055 lr=1.00e-03
2026-09-20 14:41:10,939 INFO    kimi_isac.gen.report: dit epoch  19/60 train=0.2081 val=0.1964 lr=1.00e-03
2026-09-20 14:41:11,629 INFO    kimi_isac.gen.report: dit epoch  20/60 train=0.1990 val=0.1993 lr=1.00e-03
2026-09-20 14:41:12,333 INFO    kimi_isac.gen.report: dit epoch  21/60 train=0.1886 val=0.2013 lr=1.00e-03
2026-09-20 14:41:13,052 INFO    kimi_isac.gen.report: dit epoch  22/60 train=0.1933 val=0.2009 lr=1.00e-03
2026-09-20 14:41:13,835 INFO    kimi_isac.gen.report: dit epoch  23/60 train=0.1891 val=0.1797 lr=1.00e-03
2026-09-20 14:41:14,541 INFO    kimi_isac.gen.report: dit epoch  24/60 train=0.1788 val=0.1878 lr=1.00e-03
2026-09-20 14:41:15,239 INFO    kimi_isac.gen.report: dit epoch  25/60 train=0.1919 val=0.1950 lr=1.00e-03
2026-09-20 14:41:16,017 INFO    kimi_isac.gen.report: dit epoch  26/60 train=0.1762 val=0.1730 lr=1.00e-03
2026-09-20 14:41:16,722 INFO    kimi_isac.gen.report: dit epoch  27/60 train=0.1835 val=0.1815 lr=1.00e-03
2026-09-20 14:41:17,424 INFO    kimi_isac.gen.report: dit epoch  28/60 train=0.1880 val=0.1734 lr=1.00e-03
2026-09-20 14:41:18,116 INFO    kimi_isac.gen.report: dit epoch  29/60 train=0.1702 val=0.1742 lr=1.00e-03
2026-09-20 14:41:18,880 INFO    kimi_isac.gen.report: dit epoch  30/60 train=0.1670 val=0.1712 lr=1.00e-03
2026-09-20 14:41:19,580 INFO    kimi_isac.gen.report: dit epoch  31/60 train=0.1736 val=0.1830 lr=1.00e-03
2026-09-20 14:41:20,344 INFO    kimi_isac.gen.report: dit epoch  32/60 train=0.1624 val=0.1583 lr=1.00e-03
2026-09-20 14:41:21,040 INFO    kimi_isac.gen.report: dit epoch  33/60 train=0.1585 val=0.1719 lr=1.00e-03
2026-09-20 14:41:21,741 INFO    kimi_isac.gen.report: dit epoch  34/60 train=0.1670 val=0.1813 lr=1.00e-03
2026-09-20 14:41:22,516 INFO    kimi_isac.gen.report: dit epoch  35/60 train=0.1588 val=0.1511 lr=1.00e-03
2026-09-20 14:41:23,224 INFO    kimi_isac.gen.report: dit epoch  36/60 train=0.1485 val=0.1556 lr=1.00e-03
2026-09-20 14:41:23,965 INFO    kimi_isac.gen.report: dit epoch  37/60 train=0.1524 val=0.1510 lr=1.00e-03
2026-09-20 14:41:24,736 INFO    kimi_isac.gen.report: dit epoch  38/60 train=0.1471 val=0.1495 lr=1.00e-03
2026-09-20 14:41:25,429 INFO    kimi_isac.gen.report: dit epoch  39/60 train=0.1529 val=0.1507 lr=1.00e-03
2026-09-20 14:41:26,166 INFO    kimi_isac.gen.report: dit epoch  40/60 train=0.1524 val=0.1446 lr=1.00e-03
2026-09-20 14:41:26,884 INFO    kimi_isac.gen.report: dit epoch  41/60 train=0.1542 val=0.1493 lr=1.00e-03
2026-09-20 14:41:27,643 INFO    kimi_isac.gen.report: dit epoch  42/60 train=0.1267 val=0.1351 lr=1.00e-03
2026-09-20 14:41:28,346 INFO    kimi_isac.gen.report: dit epoch  43/60 train=0.1314 val=0.1398 lr=1.00e-03
2026-09-20 14:41:29,105 INFO    kimi_isac.gen.report: dit epoch  44/60 train=0.1354 val=0.1264 lr=1.00e-03
2026-09-20 14:41:29,814 INFO    kimi_isac.gen.report: dit epoch  45/60 train=0.1278 val=0.1422 lr=1.00e-03
2026-09-20 14:41:30,519 INFO    kimi_isac.gen.report: dit epoch  46/60 train=0.1372 val=0.1485 lr=1.00e-03
2026-09-20 14:41:31,228 INFO    kimi_isac.gen.report: dit epoch  47/60 train=0.1213 val=0.1280 lr=1.00e-03
2026-09-20 14:41:31,909 INFO    kimi_isac.gen.report: dit epoch  48/60 train=0.1336 val=0.1322 lr=1.00e-03
2026-09-20 14:41:32,671 INFO    kimi_isac.gen.report: dit epoch  49/60 train=0.1269 val=0.1259 lr=1.00e-03
2026-09-20 14:41:33,378 INFO    kimi_isac.gen.report: dit epoch  50/60 train=0.1355 val=0.1316 lr=1.00e-03
2026-09-20 14:41:34,085 INFO    kimi_isac.gen.report: dit epoch  51/60 train=0.1328 val=0.1314 lr=1.00e-03
2026-09-20 14:41:34,845 INFO    kimi_isac.gen.report: dit epoch  52/60 train=0.1355 val=0.1233 lr=1.00e-03
2026-09-20 14:41:35,560 INFO    kimi_isac.gen.report: dit epoch  53/60 train=0.1408 val=0.1239 lr=1.00e-03
2026-09-20 14:41:36,262 INFO    kimi_isac.gen.report: dit epoch  54/60 train=0.1284 val=0.1272 lr=1.00e-03
2026-09-20 14:41:36,963 INFO    kimi_isac.gen.report: dit epoch  55/60 train=0.1246 val=0.1312 lr=1.00e-03
2026-09-20 14:41:37,665 INFO    kimi_isac.gen.report: dit epoch  56/60 train=0.1282 val=0.1233 lr=1.00e-03
2026-09-20 14:41:38,424 INFO    kimi_isac.gen.report: dit epoch  57/60 train=0.1169 val=0.1205 lr=1.00e-03
2026-09-20 14:41:39,136 INFO    kimi_isac.gen.report: dit epoch  58/60 train=0.1177 val=0.1226 lr=1.00e-03
2026-09-20 14:41:39,841 INFO    kimi_isac.gen.report: dit epoch  59/60 train=0.1197 val=0.1288 lr=1.00e-03
2026-09-20 14:41:40,547 INFO    kimi_isac.gen.report: dit epoch  60/60 train=0.1143 val=0.1279 lr=1.00e-03
2026-09-20 14:41:55,516 INFO    kimi_isac.gen.report: === gen seed 1007 (8/10) ===
2026-09-20 14:41:55,941 INFO    kimi_isac.gen.report: epoch   1/100 train=0.1874 val=0.1390 lr=1.00e-03 (0.4s)
2026-09-20 14:41:56,342 INFO    kimi_isac.gen.report: epoch   2/100 train=0.0941 val=0.0683 lr=1.00e-03 (0.4s)
2026-09-20 14:41:56,717 INFO    kimi_isac.gen.report: epoch   3/100 train=0.0599 val=0.0428 lr=1.00e-03 (0.4s)
2026-09-20 14:41:57,104 INFO    kimi_isac.gen.report: epoch   4/100 train=0.0456 val=0.0399 lr=1.00e-03 (0.4s)
2026-09-20 14:41:57,460 INFO    kimi_isac.gen.report: epoch   5/100 train=0.0462 val=0.0425 lr=1.00e-03 (0.4s)
2026-09-20 14:41:57,860 INFO    kimi_isac.gen.report: epoch   6/100 train=0.0419 val=0.0333 lr=1.00e-03 (0.4s)
2026-09-20 14:41:58,241 INFO    kimi_isac.gen.report: epoch   7/100 train=0.0362 val=0.0278 lr=1.00e-03 (0.4s)
2026-09-20 14:41:58,644 INFO    kimi_isac.gen.report: epoch   8/100 train=0.0333 val=0.0254 lr=1.00e-03 (0.4s)
2026-09-20 14:41:59,003 INFO    kimi_isac.gen.report: epoch   9/100 train=0.0315 val=0.0265 lr=1.00e-03 (0.4s)
2026-09-20 14:41:59,395 INFO    kimi_isac.gen.report: epoch  10/100 train=0.0330 val=0.0238 lr=1.00e-03 (0.4s)
2026-09-20 14:41:59,760 INFO    kimi_isac.gen.report: epoch  11/100 train=0.0305 val=0.0248 lr=1.00e-03 (0.4s)
2026-09-20 14:42:00,150 INFO    kimi_isac.gen.report: epoch  12/100 train=0.0294 val=0.0254 lr=1.00e-03 (0.4s)
2026-09-20 14:42:00,530 INFO    kimi_isac.gen.report: epoch  13/100 train=0.0280 val=0.0228 lr=1.00e-03 (0.4s)
2026-09-20 14:42:00,933 INFO    kimi_isac.gen.report: epoch  14/100 train=0.0280 val=0.0225 lr=1.00e-03 (0.4s)
2026-09-20 14:42:01,334 INFO    kimi_isac.gen.report: epoch  15/100 train=0.0271 val=0.0211 lr=1.00e-03 (0.4s)
2026-09-20 14:42:01,703 INFO    kimi_isac.gen.report: epoch  16/100 train=0.0264 val=0.0232 lr=1.00e-03 (0.4s)
2026-09-20 14:42:02,065 INFO    kimi_isac.gen.report: epoch  17/100 train=0.0273 val=0.0225 lr=1.00e-03 (0.4s)
2026-09-20 14:42:02,437 INFO    kimi_isac.gen.report: epoch  18/100 train=0.0297 val=0.0286 lr=1.00e-03 (0.4s)
2026-09-20 14:42:02,789 INFO    kimi_isac.gen.report: epoch  19/100 train=0.0295 val=0.0280 lr=1.00e-03 (0.4s)
2026-09-20 14:42:03,124 INFO    kimi_isac.gen.report: epoch  20/100 train=0.0355 val=0.0347 lr=1.00e-04 (0.3s)
2026-09-20 14:42:03,481 INFO    kimi_isac.gen.report: epoch  21/100 train=0.0320 val=0.0269 lr=1.00e-04 (0.4s)
2026-09-20 14:42:03,802 INFO    kimi_isac.gen.report: epoch  22/100 train=0.0256 val=0.0229 lr=1.00e-04 (0.3s)
2026-09-20 14:42:04,166 INFO    kimi_isac.gen.report: epoch  23/100 train=0.0257 val=0.0212 lr=1.00e-04 (0.4s)
2026-09-20 14:42:04,166 INFO    kimi_isac.gen.report: early stop at epoch 23 (best 15)
2026-09-20 14:42:06,160 INFO    kimi_isac.gen.report: dit epoch   1/60 train=1.1630 val=0.9085 lr=1.00e-03
2026-09-20 14:42:06,934 INFO    kimi_isac.gen.report: dit epoch   2/60 train=0.7364 val=0.6528 lr=1.00e-03
2026-09-20 14:42:07,688 INFO    kimi_isac.gen.report: dit epoch   3/60 train=0.5274 val=0.4940 lr=1.00e-03
2026-09-20 14:42:08,461 INFO    kimi_isac.gen.report: dit epoch   4/60 train=0.4122 val=0.4089 lr=1.00e-03
2026-09-20 14:42:09,249 INFO    kimi_isac.gen.report: dit epoch   5/60 train=0.3853 val=0.3742 lr=1.00e-03
2026-09-20 14:42:10,007 INFO    kimi_isac.gen.report: dit epoch   6/60 train=0.3744 val=0.3291 lr=1.00e-03
2026-09-20 14:42:10,715 INFO    kimi_isac.gen.report: dit epoch   7/60 train=0.3144 val=0.3359 lr=1.00e-03
2026-09-20 14:42:11,475 INFO    kimi_isac.gen.report: dit epoch   8/60 train=0.2869 val=0.2789 lr=1.00e-03
2026-09-20 14:42:12,174 INFO    kimi_isac.gen.report: dit epoch   9/60 train=0.2963 val=0.2901 lr=1.00e-03
2026-09-20 14:42:12,941 INFO    kimi_isac.gen.report: dit epoch  10/60 train=0.2576 val=0.2749 lr=1.00e-03
2026-09-20 14:42:13,722 INFO    kimi_isac.gen.report: dit epoch  11/60 train=0.2623 val=0.2544 lr=1.00e-03
2026-09-20 14:42:14,458 INFO    kimi_isac.gen.report: dit epoch  12/60 train=0.2373 val=0.2597 lr=1.00e-03
2026-09-20 14:42:15,222 INFO    kimi_isac.gen.report: dit epoch  13/60 train=0.2350 val=0.2432 lr=1.00e-03
2026-09-20 14:42:15,991 INFO    kimi_isac.gen.report: dit epoch  14/60 train=0.2140 val=0.2369 lr=1.00e-03
2026-09-20 14:42:16,752 INFO    kimi_isac.gen.report: dit epoch  15/60 train=0.2047 val=0.2167 lr=1.00e-03
2026-09-20 14:42:17,526 INFO    kimi_isac.gen.report: dit epoch  16/60 train=0.2076 val=0.2120 lr=1.00e-03
2026-09-20 14:42:18,293 INFO    kimi_isac.gen.report: dit epoch  17/60 train=0.2020 val=0.2073 lr=1.00e-03
2026-09-20 14:42:19,053 INFO    kimi_isac.gen.report: dit epoch  18/60 train=0.1964 val=0.1964 lr=1.00e-03
2026-09-20 14:42:19,825 INFO    kimi_isac.gen.report: dit epoch  19/60 train=0.1880 val=0.1956 lr=1.00e-03
2026-09-20 14:42:20,539 INFO    kimi_isac.gen.report: dit epoch  20/60 train=0.1694 val=0.1966 lr=1.00e-03
2026-09-20 14:42:21,296 INFO    kimi_isac.gen.report: dit epoch  21/60 train=0.1726 val=0.1899 lr=1.00e-03
2026-09-20 14:42:22,003 INFO    kimi_isac.gen.report: dit epoch  22/60 train=0.1907 val=0.1920 lr=1.00e-03
2026-09-20 14:42:22,711 INFO    kimi_isac.gen.report: dit epoch  23/60 train=0.1979 val=0.1933 lr=1.00e-03
2026-09-20 14:42:23,484 INFO    kimi_isac.gen.report: dit epoch  24/60 train=0.1782 val=0.1769 lr=1.00e-03
2026-09-20 14:42:24,246 INFO    kimi_isac.gen.report: dit epoch  25/60 train=0.1697 val=0.1648 lr=1.00e-03
2026-09-20 14:42:24,992 INFO    kimi_isac.gen.report: dit epoch  26/60 train=0.1637 val=0.1599 lr=1.00e-03
2026-09-20 14:42:25,694 INFO    kimi_isac.gen.report: dit epoch  27/60 train=0.1723 val=0.1647 lr=1.00e-03
2026-09-20 14:42:26,400 INFO    kimi_isac.gen.report: dit epoch  28/60 train=0.1538 val=0.1776 lr=1.00e-03
2026-09-20 14:42:27,091 INFO    kimi_isac.gen.report: dit epoch  29/60 train=0.1550 val=0.1607 lr=1.00e-03
2026-09-20 14:42:27,788 INFO    kimi_isac.gen.report: dit epoch  30/60 train=0.1639 val=0.1679 lr=1.00e-03
2026-09-20 14:42:28,546 INFO    kimi_isac.gen.report: dit epoch  31/60 train=0.1491 val=0.1497 lr=1.00e-03
2026-09-20 14:42:29,260 INFO    kimi_isac.gen.report: dit epoch  32/60 train=0.1402 val=0.1535 lr=1.00e-03
2026-09-20 14:42:29,968 INFO    kimi_isac.gen.report: dit epoch  33/60 train=0.1420 val=0.1604 lr=1.00e-03
2026-09-20 14:42:30,743 INFO    kimi_isac.gen.report: dit epoch  34/60 train=0.1534 val=0.1473 lr=1.00e-03
2026-09-20 14:42:31,440 INFO    kimi_isac.gen.report: dit epoch  35/60 train=0.1481 val=0.1638 lr=1.00e-03
2026-09-20 14:42:32,131 INFO    kimi_isac.gen.report: dit epoch  36/60 train=0.1468 val=0.1509 lr=1.00e-03
2026-09-20 14:42:32,832 INFO    kimi_isac.gen.report: dit epoch  37/60 train=0.1500 val=0.1475 lr=1.00e-03
2026-09-20 14:42:33,594 INFO    kimi_isac.gen.report: dit epoch  38/60 train=0.1424 val=0.1472 lr=1.00e-03
2026-09-20 14:42:34,313 INFO    kimi_isac.gen.report: dit epoch  39/60 train=0.1536 val=0.1522 lr=1.00e-03
2026-09-20 14:42:35,013 INFO    kimi_isac.gen.report: dit epoch  40/60 train=0.1557 val=0.1507 lr=1.00e-03
2026-09-20 14:42:35,787 INFO    kimi_isac.gen.report: dit epoch  41/60 train=0.1425 val=0.1334 lr=1.00e-03
2026-09-20 14:42:36,487 INFO    kimi_isac.gen.report: dit epoch  42/60 train=0.1460 val=0.1412 lr=1.00e-03
2026-09-20 14:42:37,185 INFO    kimi_isac.gen.report: dit epoch  43/60 train=0.1380 val=0.1429 lr=1.00e-03
2026-09-20 14:42:37,895 INFO    kimi_isac.gen.report: dit epoch  44/60 train=0.1372 val=0.1564 lr=1.00e-03
2026-09-20 14:42:38,601 INFO    kimi_isac.gen.report: dit epoch  45/60 train=0.1379 val=0.1456 lr=1.00e-03
2026-09-20 14:42:39,364 INFO    kimi_isac.gen.report: dit epoch  46/60 train=0.1379 val=0.1265 lr=1.00e-03
2026-09-20 14:42:40,087 INFO    kimi_isac.gen.report: dit epoch  47/60 train=0.1338 val=0.1386 lr=1.00e-03
2026-09-20 14:42:40,792 INFO    kimi_isac.gen.report: dit epoch  48/60 train=0.1381 val=0.1406 lr=1.00e-03
2026-09-20 14:42:41,500 INFO    kimi_isac.gen.report: dit epoch  49/60 train=0.1367 val=0.1378 lr=1.00e-03
2026-09-20 14:42:42,266 INFO    kimi_isac.gen.report: dit epoch  50/60 train=0.1184 val=0.1188 lr=1.00e-03
2026-09-20 14:42:42,990 INFO    kimi_isac.gen.report: dit epoch  51/60 train=0.1199 val=0.1259 lr=1.00e-03
2026-09-20 14:42:43,720 INFO    kimi_isac.gen.report: dit epoch  52/60 train=0.1289 val=0.1278 lr=1.00e-03
2026-09-20 14:42:44,495 INFO    kimi_isac.gen.report: dit epoch  53/60 train=0.1084 val=0.1170 lr=1.00e-03
2026-09-20 14:42:45,261 INFO    kimi_isac.gen.report: dit epoch  54/60 train=0.1166 val=0.1088 lr=1.00e-03
2026-09-20 14:42:45,980 INFO    kimi_isac.gen.report: dit epoch  55/60 train=0.1296 val=0.1261 lr=1.00e-03
2026-09-20 14:42:46,693 INFO    kimi_isac.gen.report: dit epoch  56/60 train=0.1209 val=0.1242 lr=1.00e-03
2026-09-20 14:42:47,397 INFO    kimi_isac.gen.report: dit epoch  57/60 train=0.1140 val=0.1227 lr=1.00e-03
2026-09-20 14:42:48,102 INFO    kimi_isac.gen.report: dit epoch  58/60 train=0.1390 val=0.1262 lr=1.00e-03
2026-09-20 14:42:48,802 INFO    kimi_isac.gen.report: dit epoch  59/60 train=0.1188 val=0.1289 lr=1.00e-04
2026-09-20 14:42:49,573 INFO    kimi_isac.gen.report: dit epoch  60/60 train=0.1128 val=0.1051 lr=1.00e-04
2026-09-20 14:43:04,568 INFO    kimi_isac.gen.report: === gen seed 1008 (9/10) ===
2026-09-20 14:43:05,003 INFO    kimi_isac.gen.report: epoch   1/100 train=0.1962 val=0.1272 lr=1.00e-03 (0.4s)
2026-09-20 14:43:05,402 INFO    kimi_isac.gen.report: epoch   2/100 train=0.0989 val=0.0582 lr=1.00e-03 (0.4s)
2026-09-20 14:43:05,810 INFO    kimi_isac.gen.report: epoch   3/100 train=0.0626 val=0.0501 lr=1.00e-03 (0.4s)
2026-09-20 14:43:06,205 INFO    kimi_isac.gen.report: epoch   4/100 train=0.0513 val=0.0417 lr=1.00e-03 (0.4s)
2026-09-20 14:43:06,616 INFO    kimi_isac.gen.report: epoch   5/100 train=0.0496 val=0.0367 lr=1.00e-03 (0.4s)
2026-09-20 14:43:06,985 INFO    kimi_isac.gen.report: epoch   6/100 train=0.0414 val=0.0372 lr=1.00e-03 (0.4s)
2026-09-20 14:43:07,372 INFO    kimi_isac.gen.report: epoch   7/100 train=0.0374 val=0.0284 lr=1.00e-03 (0.4s)
2026-09-20 14:43:07,762 INFO    kimi_isac.gen.report: epoch   8/100 train=0.0328 val=0.0259 lr=1.00e-03 (0.4s)
2026-09-20 14:43:08,156 INFO    kimi_isac.gen.report: epoch   9/100 train=0.0304 val=0.0242 lr=1.00e-03 (0.4s)
2026-09-20 14:43:08,498 INFO    kimi_isac.gen.report: epoch  10/100 train=0.0310 val=0.0250 lr=1.00e-03 (0.3s)
2026-09-20 14:43:08,835 INFO    kimi_isac.gen.report: epoch  11/100 train=0.0303 val=0.0248 lr=1.00e-03 (0.3s)
2026-09-20 14:43:09,197 INFO    kimi_isac.gen.report: epoch  12/100 train=0.0297 val=0.0243 lr=1.00e-03 (0.4s)
2026-09-20 14:43:09,551 INFO    kimi_isac.gen.report: epoch  13/100 train=0.0315 val=0.0264 lr=1.00e-03 (0.4s)
2026-09-20 14:43:09,905 INFO    kimi_isac.gen.report: epoch  14/100 train=0.0309 val=0.0264 lr=1.00e-04 (0.4s)
2026-09-20 14:43:10,311 INFO    kimi_isac.gen.report: epoch  15/100 train=0.0300 val=0.0235 lr=1.00e-04 (0.4s)
2026-09-20 14:43:10,705 INFO    kimi_isac.gen.report: epoch  16/100 train=0.0263 val=0.0217 lr=1.00e-04 (0.4s)
2026-09-20 14:43:11,096 INFO    kimi_isac.gen.report: epoch  17/100 train=0.0255 val=0.0208 lr=1.00e-04 (0.4s)
2026-09-20 14:43:11,468 INFO    kimi_isac.gen.report: epoch  18/100 train=0.0251 val=0.0214 lr=1.00e-04 (0.4s)
2026-09-20 14:43:11,874 INFO    kimi_isac.gen.report: epoch  19/100 train=0.0262 val=0.0206 lr=1.00e-04 (0.4s)
2026-09-20 14:43:12,252 INFO    kimi_isac.gen.report: epoch  20/100 train=0.0260 val=0.0207 lr=1.00e-04 (0.4s)
2026-09-20 14:43:12,612 INFO    kimi_isac.gen.report: epoch  21/100 train=0.0251 val=0.0209 lr=1.00e-04 (0.4s)
2026-09-20 14:43:13,027 INFO    kimi_isac.gen.report: epoch  22/100 train=0.0253 val=0.0205 lr=1.00e-04 (0.4s)
2026-09-20 14:43:13,413 INFO    kimi_isac.gen.report: epoch  23/100 train=0.0249 val=0.0214 lr=1.00e-04 (0.4s)
2026-09-20 14:43:13,765 INFO    kimi_isac.gen.report: epoch  24/100 train=0.0247 val=0.0205 lr=1.00e-04 (0.4s)
2026-09-20 14:43:14,185 INFO    kimi_isac.gen.report: epoch  25/100 train=0.0249 val=0.0203 lr=1.00e-04 (0.4s)
2026-09-20 14:43:14,542 INFO    kimi_isac.gen.report: epoch  26/100 train=0.0242 val=0.0208 lr=1.00e-04 (0.4s)
2026-09-20 14:43:14,948 INFO    kimi_isac.gen.report: epoch  27/100 train=0.0250 val=0.0202 lr=1.00e-04 (0.4s)
2026-09-20 14:43:15,342 INFO    kimi_isac.gen.report: epoch  28/100 train=0.0255 val=0.0201 lr=1.00e-04 (0.4s)
2026-09-20 14:43:15,695 INFO    kimi_isac.gen.report: epoch  29/100 train=0.0250 val=0.0204 lr=1.00e-04 (0.4s)
2026-09-20 14:43:16,057 INFO    kimi_isac.gen.report: epoch  30/100 train=0.0246 val=0.0203 lr=1.00e-04 (0.4s)
2026-09-20 14:43:16,415 INFO    kimi_isac.gen.report: epoch  31/100 train=0.0245 val=0.0209 lr=1.00e-04 (0.4s)
2026-09-20 14:43:16,780 INFO    kimi_isac.gen.report: epoch  32/100 train=0.0245 val=0.0203 lr=1.00e-04 (0.4s)
2026-09-20 14:43:17,150 INFO    kimi_isac.gen.report: epoch  33/100 train=0.0247 val=0.0203 lr=1.00e-05 (0.4s)
2026-09-20 14:43:17,516 INFO    kimi_isac.gen.report: epoch  34/100 train=0.0238 val=0.0202 lr=1.00e-05 (0.4s)
2026-09-20 14:43:17,894 INFO    kimi_isac.gen.report: epoch  35/100 train=0.0243 val=0.0200 lr=1.00e-05 (0.4s)
2026-09-20 14:43:18,246 INFO    kimi_isac.gen.report: epoch  36/100 train=0.0245 val=0.0203 lr=1.00e-05 (0.4s)
2026-09-20 14:43:18,624 INFO    kimi_isac.gen.report: epoch  37/100 train=0.0242 val=0.0196 lr=1.00e-05 (0.4s)
2026-09-20 14:43:19,025 INFO    kimi_isac.gen.report: epoch  38/100 train=0.0240 val=0.0194 lr=1.00e-05 (0.4s)
2026-09-20 14:43:19,387 INFO    kimi_isac.gen.report: epoch  39/100 train=0.0239 val=0.0199 lr=1.00e-05 (0.4s)
2026-09-20 14:43:19,727 INFO    kimi_isac.gen.report: epoch  40/100 train=0.0245 val=0.0203 lr=1.00e-05 (0.3s)
2026-09-20 14:43:20,071 INFO    kimi_isac.gen.report: epoch  41/100 train=0.0243 val=0.0196 lr=1.00e-05 (0.3s)
2026-09-20 14:43:20,406 INFO    kimi_isac.gen.report: epoch  42/100 train=0.0238 val=0.0198 lr=1.00e-05 (0.3s)
2026-09-20 14:43:20,766 INFO    kimi_isac.gen.report: epoch  43/100 train=0.0245 val=0.0196 lr=1.00e-06 (0.4s)
2026-09-20 14:43:21,130 INFO    kimi_isac.gen.report: epoch  44/100 train=0.0238 val=0.0202 lr=1.00e-06 (0.4s)
2026-09-20 14:43:21,473 INFO    kimi_isac.gen.report: epoch  45/100 train=0.0239 val=0.0209 lr=1.00e-06 (0.3s)
2026-09-20 14:43:21,808 INFO    kimi_isac.gen.report: epoch  46/100 train=0.0240 val=0.0199 lr=1.00e-06 (0.3s)
2026-09-20 14:43:21,808 INFO    kimi_isac.gen.report: early stop at epoch 46 (best 38)
2026-09-20 14:43:24,005 INFO    kimi_isac.gen.report: dit epoch   1/60 train=1.2011 val=0.9439 lr=1.00e-03
2026-09-20 14:43:24,899 INFO    kimi_isac.gen.report: dit epoch   2/60 train=0.7834 val=0.7768 lr=1.00e-03
2026-09-20 14:43:25,665 INFO    kimi_isac.gen.report: dit epoch   3/60 train=0.5708 val=0.4700 lr=1.00e-03
2026-09-20 14:43:26,433 INFO    kimi_isac.gen.report: dit epoch   4/60 train=0.4296 val=0.4184 lr=1.00e-03
2026-09-20 14:43:27,190 INFO    kimi_isac.gen.report: dit epoch   5/60 train=0.3818 val=0.3746 lr=1.00e-03
2026-09-20 14:43:27,967 INFO    kimi_isac.gen.report: dit epoch   6/60 train=0.3501 val=0.3378 lr=1.00e-03
2026-09-20 14:43:28,762 INFO    kimi_isac.gen.report: dit epoch   7/60 train=0.3277 val=0.3018 lr=1.00e-03
2026-09-20 14:43:29,522 INFO    kimi_isac.gen.report: dit epoch   8/60 train=0.3213 val=0.2832 lr=1.00e-03
2026-09-20 14:43:30,213 INFO    kimi_isac.gen.report: dit epoch   9/60 train=0.2824 val=0.2876 lr=1.00e-03
2026-09-20 14:43:30,972 INFO    kimi_isac.gen.report: dit epoch  10/60 train=0.2669 val=0.2541 lr=1.00e-03
2026-09-20 14:43:31,682 INFO    kimi_isac.gen.report: dit epoch  11/60 train=0.2679 val=0.2625 lr=1.00e-03
2026-09-20 14:43:32,387 INFO    kimi_isac.gen.report: dit epoch  12/60 train=0.2205 val=0.2578 lr=1.00e-03
2026-09-20 14:43:33,090 INFO    kimi_isac.gen.report: dit epoch  13/60 train=0.2236 val=0.2587 lr=1.00e-03
2026-09-20 14:43:33,852 INFO    kimi_isac.gen.report: dit epoch  14/60 train=0.2131 val=0.2051 lr=1.00e-03
2026-09-20 14:43:34,571 INFO    kimi_isac.gen.report: dit epoch  15/60 train=0.2172 val=0.2056 lr=1.00e-03
2026-09-20 14:43:35,281 INFO    kimi_isac.gen.report: dit epoch  16/60 train=0.1943 val=0.2076 lr=1.00e-03
2026-09-20 14:43:35,987 INFO    kimi_isac.gen.report: dit epoch  17/60 train=0.1940 val=0.2065 lr=1.00e-03
2026-09-20 14:43:36,702 INFO    kimi_isac.gen.report: dit epoch  18/60 train=0.1897 val=0.2093 lr=1.00e-03
2026-09-20 14:43:37,456 INFO    kimi_isac.gen.report: dit epoch  19/60 train=0.1875 val=0.2023 lr=1.00e-03
2026-09-20 14:43:38,148 INFO    kimi_isac.gen.report: dit epoch  20/60 train=0.1886 val=0.2053 lr=1.00e-03
2026-09-20 14:43:38,908 INFO    kimi_isac.gen.report: dit epoch  21/60 train=0.1750 val=0.1910 lr=1.00e-03
2026-09-20 14:43:39,659 INFO    kimi_isac.gen.report: dit epoch  22/60 train=0.1720 val=0.1880 lr=1.00e-03
2026-09-20 14:43:40,375 INFO    kimi_isac.gen.report: dit epoch  23/60 train=0.1832 val=0.1899 lr=1.00e-03
2026-09-20 14:43:41,080 INFO    kimi_isac.gen.report: dit epoch  24/60 train=0.1760 val=0.1887 lr=1.00e-03
2026-09-20 14:43:41,832 INFO    kimi_isac.gen.report: dit epoch  25/60 train=0.1815 val=0.1788 lr=1.00e-03
2026-09-20 14:43:42,619 INFO    kimi_isac.gen.report: dit epoch  26/60 train=0.1751 val=0.1718 lr=1.00e-03
2026-09-20 14:43:43,339 INFO    kimi_isac.gen.report: dit epoch  27/60 train=0.1725 val=0.1765 lr=1.00e-03
2026-09-20 14:43:44,133 INFO    kimi_isac.gen.report: dit epoch  28/60 train=0.1605 val=0.1647 lr=1.00e-03
2026-09-20 14:43:44,906 INFO    kimi_isac.gen.report: dit epoch  29/60 train=0.1653 val=0.1489 lr=1.00e-03
2026-09-20 14:43:45,609 INFO    kimi_isac.gen.report: dit epoch  30/60 train=0.1612 val=0.1548 lr=1.00e-03
2026-09-20 14:43:46,326 INFO    kimi_isac.gen.report: dit epoch  31/60 train=0.1561 val=0.1554 lr=1.00e-03
2026-09-20 14:43:47,020 INFO    kimi_isac.gen.report: dit epoch  32/60 train=0.1746 val=0.1814 lr=1.00e-03
2026-09-20 14:43:47,721 INFO    kimi_isac.gen.report: dit epoch  33/60 train=0.1619 val=0.1523 lr=1.00e-03
2026-09-20 14:43:48,417 INFO    kimi_isac.gen.report: dit epoch  34/60 train=0.1688 val=0.1492 lr=1.00e-04
2026-09-20 14:43:49,117 INFO    kimi_isac.gen.report: dit epoch  35/60 train=0.1625 val=0.1513 lr=1.00e-04
2026-09-20 14:43:49,880 INFO    kimi_isac.gen.report: dit epoch  36/60 train=0.1413 val=0.1390 lr=1.00e-04
2026-09-20 14:43:50,645 INFO    kimi_isac.gen.report: dit epoch  37/60 train=0.1285 val=0.1334 lr=1.00e-04
2026-09-20 14:43:51,347 INFO    kimi_isac.gen.report: dit epoch  38/60 train=0.1286 val=0.1371 lr=1.00e-04
2026-09-20 14:43:52,053 INFO    kimi_isac.gen.report: dit epoch  39/60 train=0.1284 val=0.1419 lr=1.00e-04
2026-09-20 14:43:52,820 INFO    kimi_isac.gen.report: dit epoch  40/60 train=0.1303 val=0.1276 lr=1.00e-04
2026-09-20 14:43:53,534 INFO    kimi_isac.gen.report: dit epoch  41/60 train=0.1290 val=0.1322 lr=1.00e-04
2026-09-20 14:43:54,298 INFO    kimi_isac.gen.report: dit epoch  42/60 train=0.1165 val=0.1259 lr=1.00e-04
2026-09-20 14:43:54,999 INFO    kimi_isac.gen.report: dit epoch  43/60 train=0.1216 val=0.1289 lr=1.00e-04
2026-09-20 14:43:55,698 INFO    kimi_isac.gen.report: dit epoch  44/60 train=0.1181 val=0.1291 lr=1.00e-04
2026-09-20 14:43:56,474 INFO    kimi_isac.gen.report: dit epoch  45/60 train=0.1125 val=0.1173 lr=1.00e-04
2026-09-20 14:43:57,173 INFO    kimi_isac.gen.report: dit epoch  46/60 train=0.1181 val=0.1228 lr=1.00e-04
2026-09-20 14:43:57,865 INFO    kimi_isac.gen.report: dit epoch  47/60 train=0.1156 val=0.1263 lr=1.00e-04
2026-09-20 14:43:58,568 INFO    kimi_isac.gen.report: dit epoch  48/60 train=0.1145 val=0.1239 lr=1.00e-04
2026-09-20 14:43:59,284 INFO    kimi_isac.gen.report: dit epoch  49/60 train=0.1216 val=0.1235 lr=1.00e-04
2026-09-20 14:43:59,988 INFO    kimi_isac.gen.report: dit epoch  50/60 train=0.1117 val=0.1176 lr=1.00e-05
2026-09-20 14:44:00,688 INFO    kimi_isac.gen.report: dit epoch  51/60 train=0.1191 val=0.1223 lr=1.00e-05
2026-09-20 14:44:01,380 INFO    kimi_isac.gen.report: dit epoch  52/60 train=0.1178 val=0.1226 lr=1.00e-05
2026-09-20 14:44:02,077 INFO    kimi_isac.gen.report: dit epoch  53/60 train=0.1293 val=0.1271 lr=1.00e-05
2026-09-20 14:44:02,077 INFO    kimi_isac.gen.report: dit early stop at epoch 53
2026-09-20 14:44:16,954 INFO    kimi_isac.gen.report: === gen seed 1009 (10/10) ===
2026-09-20 14:44:17,354 INFO    kimi_isac.gen.report: epoch   1/100 train=0.1883 val=0.1121 lr=1.00e-03 (0.4s)
2026-09-20 14:44:17,759 INFO    kimi_isac.gen.report: epoch   2/100 train=0.0973 val=0.0558 lr=1.00e-03 (0.4s)
2026-09-20 14:44:18,142 INFO    kimi_isac.gen.report: epoch   3/100 train=0.0601 val=0.0451 lr=1.00e-03 (0.4s)
2026-09-20 14:44:18,549 INFO    kimi_isac.gen.report: epoch   4/100 train=0.0542 val=0.0365 lr=1.00e-03 (0.4s)
2026-09-20 14:44:18,939 INFO    kimi_isac.gen.report: epoch   5/100 train=0.0434 val=0.0313 lr=1.00e-03 (0.4s)
2026-09-20 14:44:19,288 INFO    kimi_isac.gen.report: epoch   6/100 train=0.0378 val=0.0315 lr=1.00e-03 (0.3s)
2026-09-20 14:44:19,694 INFO    kimi_isac.gen.report: epoch   7/100 train=0.0347 val=0.0288 lr=1.00e-03 (0.4s)
2026-09-20 14:44:20,080 INFO    kimi_isac.gen.report: epoch   8/100 train=0.0347 val=0.0249 lr=1.00e-03 (0.4s)
2026-09-20 14:44:20,441 INFO    kimi_isac.gen.report: epoch   9/100 train=0.0324 val=0.0283 lr=1.00e-03 (0.4s)
2026-09-20 14:44:20,779 INFO    kimi_isac.gen.report: epoch  10/100 train=0.0330 val=0.0267 lr=1.00e-03 (0.3s)
2026-09-20 14:44:21,163 INFO    kimi_isac.gen.report: epoch  11/100 train=0.0316 val=0.0231 lr=1.00e-03 (0.4s)
2026-09-20 14:44:21,533 INFO    kimi_isac.gen.report: epoch  12/100 train=0.0303 val=0.0245 lr=1.00e-03 (0.4s)
2026-09-20 14:44:21,879 INFO    kimi_isac.gen.report: epoch  13/100 train=0.0299 val=0.0232 lr=1.00e-03 (0.3s)
2026-09-20 14:44:22,248 INFO    kimi_isac.gen.report: epoch  14/100 train=0.0289 val=0.0227 lr=1.00e-03 (0.4s)
2026-09-20 14:44:22,645 INFO    kimi_isac.gen.report: epoch  15/100 train=0.0284 val=0.0219 lr=1.00e-03 (0.4s)
2026-09-20 14:44:22,994 INFO    kimi_isac.gen.report: epoch  16/100 train=0.0278 val=0.0235 lr=1.00e-03 (0.3s)
2026-09-20 14:44:23,363 INFO    kimi_isac.gen.report: epoch  17/100 train=0.0271 val=0.0218 lr=1.00e-03 (0.4s)
2026-09-20 14:44:23,736 INFO    kimi_isac.gen.report: epoch  18/100 train=0.0279 val=0.0212 lr=1.00e-03 (0.4s)
2026-09-20 14:44:24,079 INFO    kimi_isac.gen.report: epoch  19/100 train=0.0279 val=0.0219 lr=1.00e-03 (0.3s)
2026-09-20 14:44:24,426 INFO    kimi_isac.gen.report: epoch  20/100 train=0.0271 val=0.0218 lr=1.00e-03 (0.3s)
2026-09-20 14:44:24,767 INFO    kimi_isac.gen.report: epoch  21/100 train=0.0276 val=0.0225 lr=1.00e-03 (0.3s)
2026-09-20 14:44:25,111 INFO    kimi_isac.gen.report: epoch  22/100 train=0.0271 val=0.0223 lr=1.00e-03 (0.3s)
2026-09-20 14:44:25,478 INFO    kimi_isac.gen.report: epoch  23/100 train=0.0262 val=0.0228 lr=1.00e-04 (0.4s)
2026-09-20 14:44:25,873 INFO    kimi_isac.gen.report: epoch  24/100 train=0.0257 val=0.0204 lr=1.00e-04 (0.4s)
2026-09-20 14:44:26,290 INFO    kimi_isac.gen.report: epoch  25/100 train=0.0256 val=0.0203 lr=1.00e-04 (0.4s)
2026-09-20 14:44:26,646 INFO    kimi_isac.gen.report: epoch  26/100 train=0.0241 val=0.0207 lr=1.00e-04 (0.4s)
2026-09-20 14:44:27,032 INFO    kimi_isac.gen.report: epoch  27/100 train=0.0241 val=0.0199 lr=1.00e-04 (0.4s)
2026-09-20 14:44:27,368 INFO    kimi_isac.gen.report: epoch  28/100 train=0.0239 val=0.0216 lr=1.00e-04 (0.3s)
2026-09-20 14:44:27,750 INFO    kimi_isac.gen.report: epoch  29/100 train=0.0232 val=0.0194 lr=1.00e-04 (0.4s)
2026-09-20 14:44:28,132 INFO    kimi_isac.gen.report: epoch  30/100 train=0.0237 val=0.0192 lr=1.00e-04 (0.4s)
2026-09-20 14:44:28,471 INFO    kimi_isac.gen.report: epoch  31/100 train=0.0237 val=0.0194 lr=1.00e-04 (0.3s)
2026-09-20 14:44:28,851 INFO    kimi_isac.gen.report: epoch  32/100 train=0.0232 val=0.0198 lr=1.00e-04 (0.4s)
2026-09-20 14:44:29,208 INFO    kimi_isac.gen.report: epoch  33/100 train=0.0233 val=0.0192 lr=1.00e-04 (0.4s)
2026-09-20 14:44:29,558 INFO    kimi_isac.gen.report: epoch  34/100 train=0.0237 val=0.0199 lr=1.00e-04 (0.4s)
2026-09-20 14:44:29,926 INFO    kimi_isac.gen.report: epoch  35/100 train=0.0232 val=0.0197 lr=1.00e-05 (0.4s)
2026-09-20 14:44:30,278 INFO    kimi_isac.gen.report: epoch  36/100 train=0.0237 val=0.0197 lr=1.00e-05 (0.4s)
2026-09-20 14:44:30,617 INFO    kimi_isac.gen.report: epoch  37/100 train=0.0231 val=0.0196 lr=1.00e-05 (0.3s)
2026-09-20 14:44:30,967 INFO    kimi_isac.gen.report: epoch  38/100 train=0.0231 val=0.0198 lr=1.00e-05 (0.3s)
2026-09-20 14:44:30,967 INFO    kimi_isac.gen.report: early stop at epoch 38 (best 30)
2026-09-20 14:44:33,031 INFO    kimi_isac.gen.report: dit epoch   1/60 train=1.2224 val=0.9569 lr=1.00e-03
2026-09-20 14:44:33,793 INFO    kimi_isac.gen.report: dit epoch   2/60 train=0.7587 val=0.6280 lr=1.00e-03
2026-09-20 14:44:34,559 INFO    kimi_isac.gen.report: dit epoch   3/60 train=0.5023 val=0.4384 lr=1.00e-03
2026-09-20 14:44:35,316 INFO    kimi_isac.gen.report: dit epoch   4/60 train=0.4219 val=0.4045 lr=1.00e-03
2026-09-20 14:44:36,069 INFO    kimi_isac.gen.report: dit epoch   5/60 train=0.3738 val=0.3818 lr=1.00e-03
2026-09-20 14:44:36,858 INFO    kimi_isac.gen.report: dit epoch   6/60 train=0.3453 val=0.3365 lr=1.00e-03
2026-09-20 14:44:37,636 INFO    kimi_isac.gen.report: dit epoch   7/60 train=0.3170 val=0.3076 lr=1.00e-03
2026-09-20 14:44:38,406 INFO    kimi_isac.gen.report: dit epoch   8/60 train=0.3089 val=0.3037 lr=1.00e-03
2026-09-20 14:44:39,206 INFO    kimi_isac.gen.report: dit epoch   9/60 train=0.2936 val=0.2692 lr=1.00e-03
2026-09-20 14:44:39,921 INFO    kimi_isac.gen.report: dit epoch  10/60 train=0.2564 val=0.2873 lr=1.00e-03
2026-09-20 14:44:40,692 INFO    kimi_isac.gen.report: dit epoch  11/60 train=0.2607 val=0.2566 lr=1.00e-03
2026-09-20 14:44:41,459 INFO    kimi_isac.gen.report: dit epoch  12/60 train=0.2472 val=0.2473 lr=1.00e-03
2026-09-20 14:44:42,248 INFO    kimi_isac.gen.report: dit epoch  13/60 train=0.2533 val=0.2342 lr=1.00e-03
2026-09-20 14:44:43,015 INFO    kimi_isac.gen.report: dit epoch  14/60 train=0.2342 val=0.2305 lr=1.00e-03
2026-09-20 14:44:43,809 INFO    kimi_isac.gen.report: dit epoch  15/60 train=0.2093 val=0.2252 lr=1.00e-03
2026-09-20 14:44:44,609 INFO    kimi_isac.gen.report: dit epoch  16/60 train=0.2083 val=0.2150 lr=1.00e-03
2026-09-20 14:44:45,335 INFO    kimi_isac.gen.report: dit epoch  17/60 train=0.1995 val=0.2287 lr=1.00e-03
2026-09-20 14:44:46,105 INFO    kimi_isac.gen.report: dit epoch  18/60 train=0.1808 val=0.1998 lr=1.00e-03
2026-09-20 14:44:46,815 INFO    kimi_isac.gen.report: dit epoch  19/60 train=0.1939 val=0.2028 lr=1.00e-03
2026-09-20 14:44:47,595 INFO    kimi_isac.gen.report: dit epoch  20/60 train=0.2041 val=0.1859 lr=1.00e-03
2026-09-20 14:44:48,321 INFO    kimi_isac.gen.report: dit epoch  21/60 train=0.1941 val=0.2001 lr=1.00e-03
2026-09-20 14:44:49,081 INFO    kimi_isac.gen.report: dit epoch  22/60 train=0.1862 val=0.1769 lr=1.00e-03
2026-09-20 14:44:49,757 INFO    kimi_isac.gen.report: dit epoch  23/60 train=0.1829 val=0.1925 lr=1.00e-03
2026-09-20 14:44:50,468 INFO    kimi_isac.gen.report: dit epoch  24/60 train=0.1851 val=0.1914 lr=1.00e-03
2026-09-20 14:44:51,179 INFO    kimi_isac.gen.report: dit epoch  25/60 train=0.1659 val=0.1879 lr=1.00e-03
2026-09-20 14:44:51,881 INFO    kimi_isac.gen.report: dit epoch  26/60 train=0.1815 val=0.1903 lr=1.00e-03
2026-09-20 14:44:52,568 INFO    kimi_isac.gen.report: dit epoch  27/60 train=0.1667 val=0.1790 lr=1.00e-04
2026-09-20 14:44:53,335 INFO    kimi_isac.gen.report: dit epoch  28/60 train=0.1602 val=0.1597 lr=1.00e-04
2026-09-20 14:44:54,103 INFO    kimi_isac.gen.report: dit epoch  29/60 train=0.1571 val=0.1580 lr=1.00e-04
2026-09-20 14:44:54,800 INFO    kimi_isac.gen.report: dit epoch  30/60 train=0.1535 val=0.1632 lr=1.00e-04
2026-09-20 14:44:55,557 INFO    kimi_isac.gen.report: dit epoch  31/60 train=0.1444 val=0.1571 lr=1.00e-04
2026-09-20 14:44:56,351 INFO    kimi_isac.gen.report: dit epoch  32/60 train=0.1408 val=0.1486 lr=1.00e-04
2026-09-20 14:44:57,054 INFO    kimi_isac.gen.report: dit epoch  33/60 train=0.1386 val=0.1497 lr=1.00e-04
2026-09-20 14:44:57,819 INFO    kimi_isac.gen.report: dit epoch  34/60 train=0.1418 val=0.1428 lr=1.00e-04
2026-09-20 14:44:58,541 INFO    kimi_isac.gen.report: dit epoch  35/60 train=0.1497 val=0.1465 lr=1.00e-04
2026-09-20 14:44:59,251 INFO    kimi_isac.gen.report: dit epoch  36/60 train=0.1229 val=0.1458 lr=1.00e-04
2026-09-20 14:44:59,951 INFO    kimi_isac.gen.report: dit epoch  37/60 train=0.1266 val=0.1553 lr=1.00e-04
2026-09-20 14:45:00,730 INFO    kimi_isac.gen.report: dit epoch  38/60 train=0.1238 val=0.1424 lr=1.00e-04
2026-09-20 14:45:01,502 INFO    kimi_isac.gen.report: dit epoch  39/60 train=0.1299 val=0.1424 lr=1.00e-04
2026-09-20 14:45:02,270 INFO    kimi_isac.gen.report: dit epoch  40/60 train=0.1243 val=0.1278 lr=1.00e-04
2026-09-20 14:45:02,968 INFO    kimi_isac.gen.report: dit epoch  41/60 train=0.1325 val=0.1412 lr=1.00e-04
2026-09-20 14:45:03,685 INFO    kimi_isac.gen.report: dit epoch  42/60 train=0.1464 val=0.1525 lr=1.00e-04
2026-09-20 14:45:04,399 INFO    kimi_isac.gen.report: dit epoch  43/60 train=0.1325 val=0.1356 lr=1.00e-04
2026-09-20 14:45:05,093 INFO    kimi_isac.gen.report: dit epoch  44/60 train=0.1294 val=0.1318 lr=1.00e-04
2026-09-20 14:45:05,803 INFO    kimi_isac.gen.report: dit epoch  45/60 train=0.1288 val=0.1374 lr=1.00e-05
2026-09-20 14:45:06,523 INFO    kimi_isac.gen.report: dit epoch  46/60 train=0.1298 val=0.1403 lr=1.00e-05
2026-09-20 14:45:07,223 INFO    kimi_isac.gen.report: dit epoch  47/60 train=0.1294 val=0.1389 lr=1.00e-05
2026-09-20 14:45:07,915 INFO    kimi_isac.gen.report: dit epoch  48/60 train=0.1226 val=0.1341 lr=1.00e-05
2026-09-20 14:45:07,915 INFO    kimi_isac.gen.report: dit early stop at epoch 48
2026-09-20 14:45:22,883 INFO    kimi_isac.gen.report: vae_recon_cd             0.0032 +/- 0.0003 (95% CI, n=10)
2026-09-20 14:45:22,883 INFO    kimi_isac.gen.report: uncond_cd_heldout_inst   0.1346 +/- 0.0006 (95% CI, n=10)
2026-09-20 14:45:22,883 INFO    kimi_isac.gen.report: uncond_cd_heldout_class  0.1450 +/- 0.0007 (95% CI, n=10)
2026-09-20 14:45:22,883 INFO    kimi_isac.gen.report: memorization_gap         0.0867 +/- 0.0008 (95% CI, n=10)
2026-09-20 14:45:22,883 INFO    kimi_isac.gen.report: cond_cd_oracle           0.1275 +/- 0.0004 (95% CI, n=10)
2026-09-20 14:45:22,883 INFO    kimi_isac.gen.report: cond_cd[snr0.25_aligned ] 0.1021 +/- 0.0004 (n=10)
2026-09-20 14:45:22,883 INFO    kimi_isac.gen.report: cond_cd[snr0.25_none    ] 0.1421 +/- 0.0003 (n=10)
2026-09-20 14:45:22,883 INFO    kimi_isac.gen.report: cond_cd[snr0.25_random  ] 0.1761 +/- 0.0004 (n=10)
2026-09-20 14:45:22,883 INFO    kimi_isac.gen.report: cond_cd[snr1_aligned    ] 0.1358 +/- 0.0004 (n=10)
2026-09-20 14:45:22,883 INFO    kimi_isac.gen.report: cond_cd[snr1_none       ] 0.1294 +/- 0.0009 (n=10)
2026-09-20 14:45:22,883 INFO    kimi_isac.gen.report: cond_cd[snr1_random     ] 0.0908 +/- 0.0005 (n=10)
2026-09-20 14:45:22,883 INFO    kimi_isac.gen.report: cond_cd[snr6_aligned    ] 0.1903 +/- 0.0010 (n=10)
2026-09-20 14:45:22,883 INFO    kimi_isac.gen.report: cond_cd[snr6_none       ] 0.1124 +/- 0.0002 (n=10)
2026-09-20 14:45:22,883 INFO    kimi_isac.gen.report: cond_cd[snr6_random     ] 0.1066 +/- 0.0007 (n=10)
